epoch,app_cpu_pct,postgres_cpu_pct,app_mem,postgres_mem,host_idle_pct
1785175088,2.20,4.44,418.1MiB,306.2MiB,98.88
1785175093,7.36,0.02,417.8MiB,305.9MiB,97.62
1785175098,2.00,4.39,417.8MiB,306.1MiB,99.00
1785175103,13.91,0.02,417.9MiB,305.8MiB,98.62
1785175109,6.03,4.46,417.4MiB,305.8MiB,99.75
1785175114,5.98,0.01,418.4MiB,305.4MiB,98.75
1785175119,2.29,1.47,418MiB,305.9MiB,99.38
1785175124,4.27,0.01,418.2MiB,305.8MiB,98.12
1785175129,1.21,0.00,418.5MiB,306.2MiB,99.12
1785175134,3.84,0.02,418.5MiB,306.1MiB,98.50
1785175139,1.23,0.00,418.4MiB,306MiB,99.62
1785175144,7.68,0.02,418.5MiB,306MiB,98.75
1785175149,15.54,0.00,418.6MiB,306.1MiB,99.12
1785175154,4.43,0.01,419MiB,305.7MiB,98.87
1785175159,0.65,0.00,419.3MiB,306.2MiB,99.75
1785175164,21.22,0.01,421MiB,306.2MiB,97.00
1785175169,3.45,0.00,420.6MiB,305.1MiB,98.25
1785175174,2.59,0.00,420MiB,305.1MiB,98.51
1785175179,296.47,249.72,421.4MiB,306.4MiB,29.62
1785175184,321.99,247.09,421.3MiB,306.6MiB,28.30
1785175189,196.94,165.74,421.8MiB,306.9MiB,44.86
1785175194,242.27,203.07,421.8MiB,307.2MiB,39.92
1785175200,62.75,55.43,421.8MiB,306.7MiB,57.25
1785175205,301.89,232.69,421.9MiB,307.3MiB,31.93
1785175210,248.73,55.10,422MiB,307.8MiB,61.87
1785175215,307.33,240.24,422.1MiB,307.8MiB,25.30
1785175220,202.91,170.59,422.2MiB,307.9MiB,46.08
1785175225,233.09,191.01,422.1MiB,308.1MiB,38.73
1785175230,288.39,235.93,422.2MiB,308.4MiB,31.78
1785175235,67.13,58.90,422.1MiB,308.3MiB,62.79
1785175240,257.35,202.28,422MiB,308.5MiB,65.78
1785175245,346.48,261.41,422.4MiB,308.8MiB,19.19
1785175250,215.14,180.58,422.8MiB,310.4MiB,43.02
1785175255,251.28,204.40,422.9MiB,310.2MiB,35.47
1785175260,303.07,240.36,422.8MiB,316.5MiB,31.35
1785175265,296.74,253.15,423MiB,316.5MiB,62.20
1785175271,39.55,35.91,422.7MiB,309.9MiB,49.74
1785175276,346.02,281.69,422.9MiB,309.6MiB,47.58
1785175281,230.39,190.55,423.1MiB,310MiB,41.44
1785175286,277.77,222.17,423MiB,310.1MiB,34.50
1785175291,297.41,246.81,422.9MiB,310.3MiB,29.40
1785175296,57.53,48.40,423MiB,310.6MiB,63.64
1785175301,312.98,255.37,423.2MiB,310.6MiB,46.86
1785175306,101.40,65.33,423.4MiB,310.9MiB,60.53
1785175311,233.62,199.27,423MiB,311.1MiB,40.00
1785175316,284.84,237.35,422.9MiB,311.1MiB,31.86
1785175321,325.02,261.23,422.9MiB,311.6MiB,49.93
1785175326,326.93,268.63,423.4MiB,311.8MiB,24.97
1785175331,209.74,181.37,423MiB,311.9MiB,44.46
1785175336,233.47,200.29,423.6MiB,311.9MiB,38.62
1785175341,116.76,98.86,423.2MiB,312.3MiB,59.95
1785175346,274.09,244.31,423.4MiB,312.3MiB,29.19
1785175351,50.61,47.18,422.7MiB,312.4MiB,63.81
1785175356,341.20,277.06,423.1MiB,312.7MiB,25.81
1785175361,214.66,189.19,423MiB,312.8MiB,42.69
1785175366,246.75,207.68,423.1MiB,312.9MiB,35.61
1785175371,292.48,242.42,423.6MiB,313.3MiB,31.73
1785175376,69.27,57.70,422.9MiB,313.3MiB,55.15
1785175381,324.16,264.68,423.4MiB,313.5MiB,47.95
1785175386,229.04,193.11,423.4MiB,313.8MiB,42.23
1785175391,261.11,219.89,423.5MiB,313.6MiB,34.33
1785175396,302.08,247.12,423MiB,314.1MiB,28.26
1785175401,64.43,54.86,423.5MiB,314.1MiB,47.29
1785175407,206.76,177.83,423.7MiB,314.7MiB,46.10
1785175412,96.76,81.84,423.5MiB,314.6MiB,58.65
1785175417,126.50,106.53,423.7MiB,314.7MiB,39.87
1785175422,282.92,231.77,423.9MiB,315MiB,32.56
1785175427,237.21,194.01,423.5MiB,315.1MiB,60.15
1785175432,337.25,326.03,423.5MiB,315.2MiB,36.13
1785175437,212.97,179.01,423.4MiB,315.7MiB,42.82
1785175441,239.81,204.14,423.7MiB,315.9MiB,37.26
1785175446,277.65,231.16,423.4MiB,315.9MiB,28.31
1785175451,135.34,112.58,423.8MiB,316MiB,60.74
1785175456,300.04,71.48,423.7MiB,316.1MiB,99.37
1785175461,0.10,0.13,421.7MiB,316.2MiB,91.29
1785175466,1.99,0.17,422.3MiB,316.4MiB,99.75
1785175471,0.08,0.11,427.9MiB,316.7MiB,100.00
1785175477,355.24,11.53,186.1MiB,269.9MiB,47.41
1785175483,0.12,0.10,277.7MiB,383.8MiB,99.87
1785175488,0.13,0.11,276.7MiB,383.2MiB,98.87
1785175493,133.00,97.27,303.3MiB,399.4MiB,3.41
1785175498,537.81,183.16,387.6MiB,400MiB,12.10
1785175503,300.55,198.75,414.4MiB,400.3MiB,31.16
1785175508,189.21,156.77,416.3MiB,400.7MiB,55.18
1785175513,178.21,130.54,417MiB,400.6MiB,34.17
1785175518,42.53,41.17,416.8MiB,400.8MiB,63.47
1785175523,241.69,209.16,416.9MiB,400.6MiB,30.73
1785175528,191.27,172.83,416.9MiB,400.7MiB,47.55
1785175533,218.71,193.71,416.8MiB,401.7MiB,41.55
1785175538,269.98,220.54,417.3MiB,401.2MiB,35.31
1785175543,261.14,75.61,417.2MiB,401.6MiB,50.77
1785175548,283.33,248.87,417.5MiB,401.7MiB,35.18
1785175554,146.16,93.57,417.5MiB,402MiB,56.19
1785175559,322.33,304.81,418.2MiB,416.2MiB,14.34
1785175564,376.24,378.54,418.1MiB,438.2MiB,17.39
1785175569,234.14,164.99,418.8MiB,452.9MiB,17.70
1785175574,378.24,365.34,451.1MiB,452.9MiB,3.92
1785175579,236.31,221.26,451.5MiB,453.2MiB,33.08
1785175584,171.23,172.34,451.5MiB,454.3MiB,32.61
1785175589,152.16,155.58,451.4MiB,454.2MiB,42.93
1785175594,204.01,207.32,451.7MiB,454.3MiB,37.87
1785175599,186.28,189.54,451.9MiB,454.1MiB,39.97
1785175604,205.29,178.29,451.4MiB,454.3MiB,34.01
1785175609,178.39,173.64,451.3MiB,455.7MiB,32.06
1785175615,148.90,148.99,451.7MiB,457MiB,45.73
1785175620,372.70,317.60,451.3MiB,455.6MiB,32.96
1785175625,205.30,200.40,452.7MiB,455.6MiB,38.14
1785175630,206.61,204.61,452.4MiB,456MiB,36.73
1785175635,165.71,162.78,452.6MiB,457.5MiB,34.30
1785175640,191.40,194.35,452.7MiB,458.6MiB,37.58
1785175645,172.52,164.52,453.6MiB,456.3MiB,40.68
1785175650,171.74,175.59,453.5MiB,456.6MiB,35.92
1785175655,394.50,367.63,453.9MiB,457.4MiB,3.89
1785175660,220.54,216.02,453.9MiB,459.3MiB,28.83
1785175665,215.62,210.38,454.4MiB,461.1MiB,37.85
1785175670,145.81,151.97,454.2MiB,458.4MiB,41.24
1785175675,190.71,200.10,454.1MiB,458.6MiB,35.96
1785175681,192.99,192.84,453.9MiB,458.6MiB,36.15
1785175686,199.00,198.08,453.8MiB,459.3MiB,35.97
1785175691,168.12,172.70,453.7MiB,461.3MiB,35.07
1785175696,191.78,202.47,454.1MiB,462.5MiB,33.92
1785175701,152.25,188.47,454MiB,463.8MiB,34.10
1785175706,367.17,369.47,492.5MiB,459.8MiB,5.70
1785175711,226.52,232.62,492.4MiB,460MiB,22.97
1785175716,192.28,178.52,492.3MiB,462MiB,38.71
1785175721,213.49,218.35,492.3MiB,463.1MiB,32.23
1785175726,152.00,158.19,492.6MiB,460.4MiB,43.02
1785175731,148.79,160.34,492.6MiB,460.7MiB,43.81
1785175736,379.07,375.07,492.4MiB,461.5MiB,3.53
1785175742,166.48,164.94,492.6MiB,462.9MiB,38.15
1785175747,366.02,371.70,492.7MiB,462MiB,6.34
1785175752,380.54,385.16,492.8MiB,462MiB,3.76
1785175757,278.05,290.99,492.9MiB,464.1MiB,28.43
1785175762,360.99,363.63,492.2MiB,463.1MiB,6.84
1785175767,162.12,172.44,489.5MiB,462.8MiB,45.71
1785175772,51.61,193.76,489.3MiB,462.9MiB,98.62
1785175777,0.18,0.22,487.3MiB,463.6MiB,90.93
1785175782,0.11,0.19,487.9MiB,463.4MiB,98.37
1785175787,0.10,0.12,488.7MiB,462.9MiB,99.12
1785175792,,3.86,,434.6MiB,62.12
1785175797,214.45,0.14,273.6MiB,311.3MiB,94.85
1785175803,0.14,0.15,276.3MiB,310.3MiB,98.38
1785175808,0.12,0.03,277.1MiB,310.2MiB,31.03
1785175813,573.54,194.15,365.2MiB,327.8MiB,33.54
1785175818,320.27,236.76,379.1MiB,327.4MiB,15.98
1785175823,202.79,181.58,393.6MiB,327.5MiB,48.84
1785175828,78.05,69.47,395.7MiB,327.3MiB,57.18
1785175833,189.93,167.85,396.2MiB,327.6MiB,42.22
1785175838,245.47,219.38,396.4MiB,327.7MiB,33.95
1785175843,53.15,49.60,396.9MiB,328.5MiB,61.95
1785175848,310.51,236.48,396.8MiB,328.2MiB,43.04
1785175853,197.36,178.94,396.7MiB,328.7MiB,43.70
1785175858,240.31,192.88,397MiB,329.1MiB,43.57
1785175863,255.38,218.35,397.3MiB,328.7MiB,41.36
1785175868,102.94,38.29,397.2MiB,329.4MiB,57.00
1785175874,311.49,215.11,397.9MiB,333.1MiB,42.43
1785175879,226.86,191.52,398.1MiB,329.8MiB,41.03
1785175884,249.95,215.45,398.5MiB,329.6MiB,36.06
1785175889,191.24,162.83,398.4MiB,330.2MiB,61.64
1785175894,382.49,316.83,398.5MiB,330.6MiB,39.64
1785175899,239.16,191.43,400.9MiB,330.6MiB,40.67
1785175904,94.19,84.35,431.6MiB,330.5MiB,56.85
1785175909,62.23,51.29,431.8MiB,330.6MiB,54.96
1785175914,261.44,228.73,431.4MiB,333.3MiB,32.13
1785175918,43.75,43.18,431.6MiB,330.8MiB,64.85
1785175923,165.82,140.32,431.4MiB,331.2MiB,28.93
1785175928,213.60,185.45,431.5MiB,331.3MiB,42.36
1785175933,236.13,205.79,431.6MiB,331.7MiB,36.30
1785175938,261.80,225.06,431.6MiB,331.2MiB,33.25
1785175944,80.81,72.15,431.6MiB,331.9MiB,48.28
1785175949,204.52,179.80,432MiB,331.7MiB,41.35
1785175954,236.75,207.48,431.8MiB,331.9MiB,38.08
1785175959,260.98,229.61,431.6MiB,332.2MiB,31.50
1785175964,84.47,72.75,432.1MiB,332.9MiB,59.39
1785175969,212.66,183.56,431.9MiB,332.3MiB,43.63
1785175974,236.20,202.56,431.8MiB,334.1MiB,37.94
1785175979,104.37,99.68,432MiB,334.2MiB,55.44
1785175984,55.14,104.00,431.7MiB,332.6MiB,35.01
1785175989,42.83,39.59,431.5MiB,333MiB,50.25
1785175994,39.01,36.53,431.5MiB,333.5MiB,54.68
1785175999,207.93,184.45,431.7MiB,333.5MiB,43.58
1785176004,227.89,202.16,431.8MiB,333.3MiB,39.05
1785176009,262.34,228.97,431.8MiB,334.1MiB,33.20
1785176015,106.92,106.50,431.8MiB,334.1MiB,50.26
1785176020,200.80,181.93,431.6MiB,334.3MiB,45.10
1785176025,219.68,202.61,432.4MiB,338.9MiB,41.84
1785176030,243.50,220.29,432.2MiB,334.7MiB,34.02
1785176035,271.46,104.43,431.7MiB,334.2MiB,60.31
1785176040,246.44,216.73,431.9MiB,334.8MiB,35.99
1785176045,226.22,206.82,431.9MiB,335.3MiB,40.49
1785176050,95.86,88.48,432.1MiB,335.2MiB,54.83
1785176055,75.77,73.14,432.1MiB,335.3MiB,63.87
1785176060,266.95,235.09,432.3MiB,335.5MiB,54.49
1785176065,42.74,46.06,431.9MiB,335.5MiB,64.89
1785176070,280.24,185.81,432.4MiB,335.6MiB,45.10
1785176075,221.08,199.45,431.9MiB,335.6MiB,41.26
1785176081,246.66,213.96,432.1MiB,336MiB,36.96
1785176086,148.45,139.57,432.3MiB,336.2MiB,58.67
1785176091,2.77,6.75,431.7MiB,335.9MiB,100.00
1785176096,0.16,4.63,431.2MiB,336.6MiB,99.62
1785176101,2.75,0.08,431.2MiB,336MiB,100.00
1785176106,0.20,4.62,431.1MiB,336.3MiB,100.00
1785176111,0.10,0.14,431.1MiB,336.2MiB,99.88
1785176116,0.11,4.57,431.1MiB,336.5MiB,99.75
1785176121,2.74,0.11,431.1MiB,336.1MiB,100.00
1785176126,0.12,4.57,431MiB,336MiB,100.00
1785176131,2.81,0.42,431.4MiB,335.8MiB,99.87
1785176136,1.30,4.57,431.3MiB,335.9MiB,100.00
1785176141,0.11,0.02,431.1MiB,335.7MiB,100.00
1785176146,0.11,0.00,431.1MiB,335.7MiB,100.00
1785176151,2.90,0.34,431.5MiB,335.4MiB,99.37
1785176156,1.30,4.48,430.6MiB,336MiB,99.88
1785176161,2.78,0.02,431.4MiB,336.1MiB,100.00
1785176166,0.11,4.45,431MiB,336.4MiB,100.00
1785176171,2.73,0.32,431.3MiB,336MiB,100.00
1785176177,0.95,4.57,431.3MiB,336.4MiB,100.00
1785176182,2.82,0.01,431.1MiB,336.3MiB,100.00
1785176187,0.09,4.49,431MiB,336.1MiB,99.88
1785176192,2.66,0.01,431.2MiB,336.3MiB,99.88
1785176197,0.78,4.42,430.9MiB,336.5MiB,99.88
1785176202,2.71,0.01,430.9MiB,335.5MiB,100.00
1785176207,0.08,4.51,430.7MiB,336.3MiB,99.87
1785176212,2.78,0.01,431.4MiB,335.6MiB,100.00
1785176217,0.75,4.32,431.3MiB,336.8MiB,99.87
1785176222,2.65,0.01,431.5MiB,335.9MiB,97.25
1785176227,2.31,3.72,433MiB,340.6MiB,99.50
1785176232,4.26,0.01,433.8MiB,335.8MiB,99.38
1785176237,3.09,0.01,433.8MiB,335.6MiB,99.37
1785176242,3.84,0.01,433.9MiB,335.4MiB,99.13
1785176247,3.82,0.00,433.5MiB,336.1MiB,94.75
1785176252,3.60,0.02,433.5MiB,335.3MiB,98.50
1785176257,4.54,0.00,432.9MiB,335.3MiB,99.25
1785176262,232.60,194.38,439.7MiB,336.1MiB,49.81
1785176267,198.75,182.16,434.2MiB,336.6MiB,43.99
1785176273,224.25,199.71,434.7MiB,336.8MiB,39.61
1785176278,259.98,202.32,434.2MiB,336.8MiB,59.92
1785176283,93.54,95.05,434.1MiB,337.3MiB,52.48
1785176288,187.88,175.17,434.6MiB,336.9MiB,47.29
1785176293,212.16,201.96,434.6MiB,337.6MiB,41.79
1785176298,243.20,221.21,434.4MiB,337.8MiB,38.20
1785176303,74.30,66.45,437.1MiB,337.7MiB,60.79
1785176308,184.66,167.72,437.1MiB,337.7MiB,49.02
1785176313,208.55,187.93,437.4MiB,338.4MiB,43.91
1785176318,84.86,74.81,437.5MiB,338.1MiB,57.67
1785176323,31.81,26.27,437.5MiB,338.3MiB,51.37
1785176328,85.53,75.60,437.5MiB,338.4MiB,64.61
1785176333,44.98,37.07,438MiB,338.8MiB,66.29
1785176338,207.67,182.39,437.8MiB,338.6MiB,43.62
1785176343,228.97,198.56,437.9MiB,338.9MiB,39.19
1785176349,254.79,217.87,438.5MiB,339MiB,34.55
1785176354,90.49,77.98,438.4MiB,339.2MiB,56.02
1785176359,89.04,212.74,438MiB,339.1MiB,47.53
1785176364,225.46,185.88,438.5MiB,339.2MiB,43.04
1785176369,242.67,213.54,438.2MiB,339.8MiB,40.23
1785176373,266.42,224.02,438.5MiB,339.9MiB,38.92
1785176378,83.44,79.54,438.6MiB,340.2MiB,33.16
1785176383,215.59,182.67,438.4MiB,339.9MiB,42.75
1785176388,236.34,207.96,438.7MiB,340.2MiB,38.59
1785176393,92.09,72.30,438.3MiB,340.3MiB,64.76
1785176398,53.47,45.49,438.4MiB,340.4MiB,39.87
1785176403,46.17,40.64,440.6MiB,340.8MiB,65.29
1785176408,280.62,236.82,438.4MiB,340.5MiB,46.13
1785176413,221.43,189.74,438.6MiB,340.7MiB,35.26
1785176419,243.53,212.90,438.4MiB,341MiB,38.25
1785176424,219.13,188.18,438.4MiB,341.2MiB,60.10
1785176429,244.62,201.03,438.8MiB,341.3MiB,44.53
1785176434,50.05,43.53,438.5MiB,341.3MiB,62.42
1785176439,213.75,190.84,438.9MiB,341.6MiB,43.24
1785176444,236.95,208.71,438.8MiB,341.4MiB,37.09
1785176449,128.06,111.84,438.9MiB,342MiB,61.64
1785176454,169.33,145.08,438.4MiB,341.9MiB,37.44
1785176459,212.15,185.82,438.9MiB,342.1MiB,42.75
1785176464,261.16,222.87,438.9MiB,342.6MiB,37.63
1785176469,142.54,119.08,438.7MiB,342.7MiB,55.81
1785176474,49.97,42.47,440.5MiB,342.3MiB,53.96
1785176479,265.02,221.86,438.6MiB,342.7MiB,45.41
1785176484,230.89,197.89,438.9MiB,343MiB,39.80
1785176490,267.17,231.43,439.1MiB,342.9MiB,33.38
1785176495,70.61,63.08,440.6MiB,343.7MiB,57.49
1785176500,205.36,185.00,438.7MiB,343.4MiB,44.73
1785176505,226.70,195.94,439.1MiB,343.4MiB,40.10
1785176510,99.42,83.08,439MiB,344.1MiB,56.31
1785176515,56.11,68.18,439.3MiB,343.8MiB,64.02
1785176520,173.06,148.74,439.1MiB,343.8MiB,65.70
1785176525,187.37,163.38,438.9MiB,343.9MiB,30.43
1785176530,211.40,185.58,439MiB,344.3MiB,44.09
1785176535,230.19,202.79,439.2MiB,344.4MiB,38.81
1785176540,149.89,123.27,439.2MiB,344.2MiB,98.25
1785176545,0.69,0.14,437.6MiB,343.5MiB,97.24
1785176550,0.72,0.52,438.2MiB,344.9MiB,85.71
1785176555,0.64,0.14,454.1MiB,343.6MiB,96.62
1785176560,352.53,7.44,244.7MiB,330.6MiB,96.12
1785176565,1.29,0.12,286.5MiB,412.1MiB,98.62
1785176571,3.07,13.53,285.6MiB,417.8MiB,97.27
1785176576,614.49,172.52,365.7MiB,428.1MiB,5.73
1785176581,259.79,179.21,420.4MiB,428.3MiB,45.09
1785176586,246.30,191.04,416.4MiB,428.8MiB,40.65
1785176591,91.84,81.93,416.9MiB,428.8MiB,55.54
1785176596,79.27,47.61,417.1MiB,428.8MiB,62.50
1785176601,157.52,135.96,417MiB,428.9MiB,66.37
1785176606,41.12,91.86,417.3MiB,429.1MiB,33.12
1785176611,212.61,187.81,416.9MiB,429.2MiB,46.46
1785176616,219.66,194.56,417.5MiB,429.5MiB,42.88
1785176621,246.41,210.03,417.5MiB,429.7MiB,38.50
1785176626,75.14,68.73,417.4MiB,430.2MiB,59.51
1785176631,49.85,47.22,417.8MiB,430.2MiB,69.66
1785176636,39.24,129.06,417.9MiB,431.4MiB,40.21
1785176641,335.47,324.64,418.3MiB,448.9MiB,14.25
1785176646,171.30,161.22,425.9MiB,471MiB,46.19
1785176651,208.40,214.02,426.5MiB,481.4MiB,39.09
1785176656,379.25,360.74,458.8MiB,480.1MiB,6.55
1785176661,365.83,247.75,497.3MiB,482.8MiB,43.25
1785176666,184.68,180.28,497MiB,484.4MiB,31.55
1785176671,173.15,172.99,497.7MiB,481MiB,39.04
1785176676,162.62,156.64,497.4MiB,481.4MiB,45.58
1785176681,158.44,152.03,497.9MiB,481.3MiB,44.87
1785176686,118.22,117.21,498.1MiB,483.6MiB,50.50
1785176691,340.46,325.60,498.3MiB,482.1MiB,7.60
1785176696,381.70,368.06,498.3MiB,482.6MiB,5.76
1785176701,205.46,207.67,498.2MiB,484.9MiB,27.25
1785176707,198.66,195.13,498.1MiB,487.7MiB,42.68
1785176712,372.38,353.68,498.3MiB,484MiB,7.11
1785176717,216.13,154.58,498.2MiB,484.7MiB,32.23
1785176722,198.59,195.26,498.1MiB,487.8MiB,37.61
1785176727,387.16,356.27,498MiB,484.6MiB,7.26
1785176732,382.01,312.95,498.6MiB,485.7MiB,27.85
1785176737,177.51,176.41,498.2MiB,488.4MiB,38.75
1785176742,173.03,171.78,498.4MiB,485.1MiB,36.98
1785176747,163.25,158.46,498.6MiB,485.6MiB,46.89
1785176752,158.39,149.17,498.9MiB,486.4MiB,38.95
1785176757,174.49,175.67,499MiB,488.9MiB,30.87
1785176762,179.02,183.79,498.7MiB,490.8MiB,31.59
1785176768,148.93,144.27,498.6MiB,492.8MiB,40.23
1785176773,184.33,185.94,498.5MiB,486.6MiB,40.59
1785176778,174.06,175.78,499MiB,487.2MiB,37.59
1785176783,168.05,166.26,498.8MiB,488.5MiB,41.27
1785176788,124.90,300.14,498.6MiB,491.4MiB,49.88
1785176793,156.40,158.48,499.1MiB,493.5MiB,35.85
1785176798,158.76,163.10,499MiB,496MiB,33.38
1785176803,157.90,156.99,499.3MiB,488MiB,41.67
1785176808,184.00,180.76,499.2MiB,487.9MiB,36.94
1785176813,174.14,183.06,498.9MiB,488.8MiB,39.47
1785176818,170.12,174.85,499MiB,491.7MiB,43.15
1785176823,164.48,167.66,499.2MiB,494MiB,38.84
1785176828,179.67,175.00,499.1MiB,495.7MiB,35.78
1785176833,156.58,159.98,499.1MiB,498MiB,34.39
1785176839,370.03,349.57,499.3MiB,489.1MiB,7.21
1785176844,173.97,172.25,499.5MiB,491.1MiB,36.29
1785176849,187.54,197.07,499.4MiB,493.2MiB,37.45
1785176854,0.64,1.03,498.4MiB,494.4MiB,70.57
1785176859,1.10,0.16,497.9MiB,489.7MiB,99.75
1785176864,0.64,0.13,498.1MiB,489.4MiB,98.75
1785176869,0.63,0.12,498.5MiB,489.7MiB,99.50
1785176874,0.61,0.12,498.5MiB,489.5MiB,98.75
1785176879,0.61,0.15,498.1MiB,489.5MiB,99.62
1785176884,0.64,0.12,498.1MiB,489.6MiB,99.75
1785176889,0.66,0.00,498.1MiB,489.1MiB,98.75
1785176894,3.18,0.01,498.7MiB,488.5MiB,99.50
1785176899,1.09,0.00,498.4MiB,488.5MiB,99.62
1785176905,0.61,0.01,498.4MiB,488.9MiB,99.75
1785176910,0.62,0.02,498.1MiB,489.2MiB,99.75
1785176915,0.60,0.01,498.1MiB,489.3MiB,99.50
1785176920,0.77,0.01,498MiB,489.3MiB,99.50
1785176925,1.04,0.01,498.4MiB,489.3MiB,99.62
1785176930,0.11,0.00,497MiB,488.4MiB,100.00
1785176935,2.71,0.01,498.5MiB,489.7MiB,99.88
1785176940,0.10,0.00,497MiB,488.4MiB,100.00
1785176945,2.67,0.02,498.5MiB,489.1MiB,100.00
1785176950,0.12,0.00,498.2MiB,489.2MiB,99.37
1785176955,0.10,0.01,497.5MiB,488.9MiB,99.75
