epoch,active,idle,pending,max
1784921627,0.0,20.0,0.0,20.0
1784921628,0.0,20.0,0.0,20.0
1784921629,0.0,20.0,0.0,20.0
1784921631,0.0,20.0,0.0,20.0
1784921632,0.0,20.0,0.0,20.0
1784921633,0.0,20.0,0.0,20.0
1784921634,0.0,20.0,0.0,20.0
1784921635,0.0,20.0,0.0,20.0
1784921636,0.0,20.0,0.0,20.0
1784921637,0.0,20.0,0.0,20.0
1784921638,0.0,20.0,0.0,20.0
1784921639,0.0,20.0,0.0,20.0
1784921640,0.0,20.0,0.0,20.0
1784921641,20.0,0.0,0.0,20.0
1784921642,14.0,6.0,0.0,20.0
1784921643,12.0,8.0,0.0,20.0
1784921644,19.0,1.0,0.0,20.0
1784921645,20.0,0.0,0.0,20.0
1784921646,20.0,0.0,0.0,20.0
1784921647,20.0,0.0,0.0,20.0
1784921648,19.0,1.0,0.0,20.0
1784921649,20.0,0.0,0.0,20.0
1784921650,13.0,7.0,0.0,20.0
1784921651,20.0,0.0,0.0,20.0
1784921652,20.0,0.0,0.0,20.0
1784921653,14.0,6.0,0.0,20.0
1784921654,20.0,0.0,0.0,20.0
1784921655,12.0,8.0,0.0,20.0
1784921656,10.0,10.0,0.0,20.0
1784921657,20.0,0.0,0.0,20.0
1784921658,20.0,0.0,0.0,20.0
1784921659,20.0,0.0,0.0,20.0
1784921660,3.0,17.0,0.0,20.0
1784921661,17.0,3.0,0.0,20.0
1784921662,1.0,19.0,0.0,20.0
1784921663,19.0,1.0,0.0,20.0
1784921664,6.0,14.0,0.0,20.0
1784921665,20.0,0.0,0.0,20.0
1784921666,19.0,1.0,0.0,20.0
1784921667,20.0,0.0,0.0,20.0
1784921669,20.0,0.0,0.0,20.0
1784921670,20.0,0.0,0.0,20.0
1784921671,14.0,6.0,0.0,20.0
1784921672,19.0,1.0,0.0,20.0
1784921673,20.0,0.0,0.0,20.0
1784921674,20.0,0.0,0.0,20.0
1784921675,20.0,0.0,0.0,20.0
1784921676,20.0,0.0,0.0,20.0
1784921677,20.0,0.0,0.0,20.0
1784921678,20.0,0.0,0.0,20.0
1784921679,20.0,0.0,0.0,20.0
1784921680,12.0,8.0,0.0,20.0
1784921681,20.0,0.0,0.0,20.0
1784921682,20.0,0.0,0.0,20.0
1784921683,16.0,4.0,0.0,20.0
1784921684,18.0,2.0,0.0,20.0
1784921685,20.0,0.0,0.0,20.0
1784921686,19.0,1.0,0.0,20.0
1784921687,20.0,0.0,0.0,20.0
1784921688,20.0,0.0,0.0,20.0
1784921689,19.0,1.0,0.0,20.0
1784921690,20.0,0.0,0.0,20.0
1784921691,20.0,0.0,0.0,20.0
1784921692,20.0,0.0,0.0,20.0
1784921693,19.0,1.0,0.0,20.0
1784921694,15.0,5.0,0.0,20.0
1784921695,20.0,0.0,0.0,20.0
1784921696,20.0,0.0,0.0,20.0
1784921697,20.0,0.0,0.0,20.0
1784921698,20.0,0.0,0.0,20.0
1784921699,20.0,0.0,0.0,20.0
1784921700,0.0,20.0,0.0,20.0
1784921701,1.0,19.0,0.0,20.0
1784921702,3.0,17.0,0.0,20.0
1784921703,5.0,15.0,0.0,20.0
1784921704,5.0,15.0,0.0,20.0
1784921705,7.0,13.0,0.0,20.0
1784921707,4.0,16.0,0.0,20.0
1784921708,12.0,8.0,0.0,20.0
1784921709,12.0,8.0,1.0,20.0
1784921710,15.0,5.0,0.0,20.0
1784921711,17.0,3.0,0.0,20.0
1784921712,18.0,2.0,0.0,20.0
1784921713,20.0,0.0,0.0,20.0
1784921714,20.0,0.0,2.0,20.0
1784921715,20.0,0.0,4.0,20.0
1784921716,20.0,0.0,5.0,20.0
1784921717,20.0,0.0,7.0,20.0
1784921718,20.0,0.0,9.0,20.0
1784921719,20.0,0.0,10.0,20.0
1784921720,20.0,0.0,12.0,20.0
1784921721,15.0,5.0,12.0,20.0
1784921722,15.0,5.0,0.0,20.0
1784921723,20.0,0.0,17.0,20.0
1784921724,20.0,0.0,19.0,20.0
1784921725,20.0,0.0,20.0,20.0
1784921726,20.0,0.0,21.0,20.0
1784921727,20.0,0.0,24.0,20.0
1784921728,20.0,0.0,26.0,20.0
1784921729,20.0,0.0,27.0,20.0
1784921730,20.0,0.0,29.0,20.0
1784921731,20.0,0.0,31.0,20.0
1784921732,20.0,0.0,30.0,20.0
1784921733,20.0,0.0,30.0,20.0
1784921734,20.0,0.0,30.0,20.0
1784921735,20.0,0.0,28.0,20.0
1784921736,20.0,0.0,30.0,20.0
1784921737,20.0,0.0,22.0,20.0
1784921738,20.0,0.0,18.0,20.0
1784921739,20.0,0.0,15.0,20.0
1784921740,19.0,1.0,29.0,20.0
1784921741,20.0,0.0,30.0,20.0
1784921742,20.0,0.0,26.0,20.0
1784921743,20.0,0.0,30.0,20.0
1784921745,20.0,0.0,29.0,20.0
1784921746,20.0,0.0,30.0,20.0
1784921747,20.0,0.0,30.0,20.0
1784921748,20.0,0.0,30.0,20.0
1784921749,20.0,0.0,30.0,20.0
1784921750,20.0,0.0,25.0,20.0
1784921751,20.0,0.0,28.0,20.0
1784921752,19.0,1.0,29.0,20.0
1784921753,20.0,0.0,30.0,20.0
1784921754,20.0,0.0,30.0,20.0
1784921755,20.0,0.0,30.0,20.0
1784921756,20.0,0.0,29.0,20.0
1784921757,20.0,0.0,30.0,20.0
1784921758,20.0,0.0,30.0,20.0
1784921759,20.0,0.0,29.0,20.0
1784921760,20.0,0.0,11.0,20.0
1784921761,20.0,0.0,30.0,20.0
1784921762,20.0,0.0,30.0,20.0
1784921763,20.0,0.0,19.0,20.0
1784921764,20.0,0.0,27.0,20.0
1784921765,20.0,0.0,28.0,20.0
1784921766,20.0,0.0,30.0,20.0
1784921767,20.0,0.0,30.0,20.0
1784921768,20.0,0.0,28.0,20.0
1784921769,20.0,0.0,18.0,20.0
1784921770,20.0,0.0,29.0,20.0
1784921771,18.0,2.0,17.0,20.0
1784921772,20.0,0.0,30.0,20.0
1784921773,20.0,0.0,30.0,20.0
1784921774,20.0,0.0,30.0,20.0
1784921775,20.0,0.0,30.0,20.0
1784921776,20.0,0.0,30.0,20.0
1784921777,20.0,0.0,30.0,20.0
1784921778,20.0,0.0,29.0,20.0
1784921779,20.0,0.0,29.0,20.0
1784921780,20.0,0.0,28.0,20.0
1784921782,20.0,0.0,17.0,20.0
1784921783,20.0,0.0,29.0,20.0
1784921784,20.0,0.0,30.0,20.0
1784921785,20.0,0.0,30.0,20.0
1784921786,20.0,0.0,30.0,20.0
1784921787,20.0,0.0,30.0,20.0
1784921788,20.0,0.0,30.0,20.0
1784921789,20.0,0.0,30.0,20.0
1784921790,20.0,0.0,30.0,20.0
1784921791,20.0,0.0,30.0,20.0
1784921792,20.0,0.0,30.0,20.0
1784921793,20.0,0.0,30.0,20.0
1784921794,20.0,0.0,30.0,20.0
1784921795,20.0,0.0,30.0,20.0
1784921796,20.0,0.0,30.0,20.0
1784921797,20.0,0.0,30.0,20.0
1784921798,20.0,0.0,30.0,20.0
1784921799,20.0,0.0,30.0,20.0
1784921800,20.0,0.0,30.0,20.0
1784921801,20.0,0.0,29.0,20.0
1784921802,20.0,0.0,30.0,20.0
1784921803,20.0,0.0,30.0,20.0
1784921804,20.0,0.0,30.0,20.0
1784921805,20.0,0.0,30.0,20.0
1784921806,20.0,0.0,30.0,20.0
1784921807,20.0,0.0,30.0,20.0
1784921808,20.0,0.0,30.0,20.0
1784921809,20.0,0.0,30.0,20.0
1784921810,20.0,0.0,29.0,20.0
1784921811,20.0,0.0,30.0,20.0
1784921812,19.0,1.0,30.0,20.0
1784921813,20.0,0.0,14.0,20.0
1784921814,20.0,0.0,30.0,20.0
1784921815,20.0,0.0,30.0,20.0
1784921816,20.0,0.0,30.0,20.0
1784921817,20.0,0.0,30.0,20.0
1784921818,20.0,0.0,30.0,20.0
1784921820,20.0,0.0,29.0,20.0
1784921821,20.0,0.0,30.0,20.0
1784921822,20.0,0.0,24.0,20.0
1784921823,20.0,0.0,30.0,20.0
1784921824,20.0,0.0,29.0,20.0
1784921825,20.0,0.0,30.0,20.0
1784921826,20.0,0.0,18.0,20.0
1784921827,20.0,0.0,30.0,20.0
1784921828,20.0,0.0,30.0,20.0
1784921829,20.0,0.0,30.0,20.0
1784921830,19.0,1.0,30.0,20.0
1784921831,19.0,1.0,15.0,20.0
1784921832,20.0,0.0,30.0,20.0
1784921833,20.0,0.0,30.0,20.0
1784921834,17.0,3.0,19.0,20.0
1784921835,20.0,0.0,19.0,20.0
1784921836,20.0,0.0,30.0,20.0
1784921837,20.0,0.0,29.0,20.0
1784921838,20.0,0.0,30.0,20.0
1784921839,20.0,0.0,30.0,20.0
1784921840,20.0,0.0,30.0,20.0
1784921841,20.0,0.0,30.0,20.0
1784921842,20.0,0.0,30.0,20.0
1784921843,20.0,0.0,30.0,20.0
1784921844,20.0,0.0,30.0,20.0
1784921845,20.0,0.0,30.0,20.0
1784921846,20.0,0.0,30.0,20.0
1784921847,19.0,1.0,25.0,20.0
1784921848,20.0,0.0,30.0,20.0
1784921849,20.0,0.0,29.0,20.0
1784921850,20.0,0.0,30.0,20.0
1784921851,20.0,0.0,30.0,20.0
1784921852,20.0,0.0,28.0,20.0
1784921853,20.0,0.0,30.0,20.0
1784921854,20.0,0.0,30.0,20.0
1784921855,20.0,0.0,30.0,20.0
1784921856,20.0,0.0,30.0,20.0
1784921857,20.0,0.0,30.0,20.0
1784921859,20.0,0.0,30.0,20.0
1784921860,20.0,0.0,23.0,20.0
1784921861,20.0,0.0,30.0,20.0
1784921862,20.0,0.0,29.0,20.0
1784921863,20.0,0.0,26.0,20.0
1784921864,20.0,0.0,30.0,20.0
1784921865,20.0,0.0,28.0,20.0
1784921866,20.0,0.0,30.0,20.0
1784921867,20.0,0.0,30.0,20.0
1784921868,20.0,0.0,28.0,20.0
1784921869,20.0,0.0,30.0,20.0
1784921870,20.0,0.0,15.0,20.0
1784921871,20.0,0.0,30.0,20.0
1784921872,20.0,0.0,24.0,20.0
1784921873,20.0,0.0,30.0,20.0
1784921874,20.0,0.0,30.0,20.0
1784921875,20.0,0.0,30.0,20.0
1784921876,19.0,1.0,22.0,20.0
1784921877,20.0,0.0,30.0,20.0
1784921878,20.0,0.0,30.0,20.0
1784921879,20.0,0.0,29.0,20.0
1784921880,20.0,0.0,30.0,20.0
1784921881,20.0,0.0,30.0,20.0
1784921882,20.0,0.0,30.0,20.0
1784921883,20.0,0.0,29.0,20.0
1784921884,20.0,0.0,29.0,20.0
1784921885,20.0,0.0,30.0,20.0
1784921886,20.0,0.0,30.0,20.0
1784921887,20.0,0.0,29.0,20.0
1784921888,20.0,0.0,29.0,20.0
1784921889,20.0,0.0,30.0,20.0
1784921890,20.0,0.0,30.0,20.0
1784921891,20.0,0.0,30.0,20.0
1784921892,20.0,0.0,30.0,20.0
1784921893,20.0,0.0,19.0,20.0
1784921895,20.0,0.0,29.0,20.0
1784921896,20.0,0.0,29.0,20.0
1784921897,20.0,0.0,27.0,20.0
1784921898,20.0,0.0,30.0,20.0
1784921899,20.0,0.0,30.0,20.0
1784921900,20.0,0.0,21.0,20.0
1784921901,20.0,0.0,30.0,20.0
1784921902,20.0,0.0,30.0,20.0
1784921903,20.0,0.0,29.0,20.0
1784921904,19.0,1.0,14.0,20.0
1784921905,20.0,0.0,30.0,20.0
1784921906,20.0,0.0,30.0,20.0
1784921907,20.0,0.0,30.0,20.0
1784921908,20.0,0.0,30.0,20.0
1784921909,18.0,2.0,22.0,20.0
1784921910,20.0,0.0,30.0,20.0
1784921911,20.0,0.0,27.0,20.0
1784921912,20.0,0.0,22.0,20.0
1784921913,20.0,0.0,17.0,20.0
1784921914,20.0,0.0,12.0,20.0
1784921915,16.0,4.0,0.0,20.0
1784921916,20.0,0.0,2.0,20.0
1784921917,14.0,6.0,0.0,20.0
1784921918,11.0,9.0,0.0,20.0
1784921919,6.0,14.0,0.0,20.0
1784921920,1.0,19.0,0.0,20.0
1784921921,0.0,20.0,0.0,20.0
1784921922,1.0,19.0,0.0,20.0
1784921923,3.0,17.0,0.0,20.0
1784921924,5.0,15.0,0.0,20.0
1784921925,7.0,13.0,0.0,20.0
1784921926,8.0,12.0,0.0,20.0
1784921927,6.0,14.0,0.0,20.0
1784921928,12.0,8.0,0.0,20.0
1784921929,14.0,6.0,0.0,20.0
1784921930,16.0,4.0,0.0,20.0
1784921931,17.0,3.0,0.0,20.0
1784921932,14.0,6.0,0.0,20.0
1784921934,20.0,0.0,0.0,20.0
1784921935,18.0,2.0,3.0,20.0
1784921936,20.0,0.0,0.0,20.0
1784921937,20.0,0.0,6.0,20.0
1784921938,20.0,0.0,8.0,20.0
1784921939,20.0,0.0,9.0,20.0
1784921940,20.0,0.0,11.0,20.0
1784921941,20.0,0.0,13.0,20.0
1784921942,20.0,0.0,8.0,20.0
1784921943,20.0,0.0,15.0,20.0
1784921944,20.0,0.0,18.0,20.0
1784921945,20.0,0.0,20.0,20.0
1784921946,20.0,0.0,20.0,20.0
1784921947,20.0,0.0,23.0,20.0
1784921948,20.0,0.0,19.0,20.0
1784921949,20.0,0.0,27.0,20.0
1784921950,20.0,0.0,28.0,20.0
1784921951,20.0,0.0,30.0,20.0
1784921952,20.0,0.0,30.0,20.0
1784921953,20.0,0.0,30.0,20.0
1784921954,20.0,0.0,30.0,20.0
1784921955,20.0,0.0,30.0,20.0
1784921956,20.0,0.0,30.0,20.0
1784921957,20.0,0.0,26.0,20.0
1784921958,20.0,0.0,30.0,20.0
1784921959,20.0,0.0,29.0,20.0
1784921960,17.0,3.0,24.0,20.0
1784921961,20.0,0.0,29.0,20.0
1784921962,20.0,0.0,30.0,20.0
1784921963,20.0,0.0,31.0,20.0
1784921964,20.0,0.0,27.0,20.0
1784921965,20.0,0.0,30.0,20.0
1784921966,20.0,0.0,30.0,20.0
1784921967,19.0,1.0,24.0,20.0
1784921968,19.0,1.0,19.0,20.0
1784921970,20.0,0.0,30.0,20.0
1784921971,20.0,0.0,30.0,20.0
1784921972,20.0,0.0,30.0,20.0
1784921973,20.0,0.0,24.0,20.0
1784921974,20.0,0.0,30.0,20.0
1784921975,20.0,0.0,30.0,20.0
1784921976,20.0,0.0,30.0,20.0
1784921977,20.0,0.0,30.0,20.0
1784921978,20.0,0.0,29.0,20.0
1784921979,20.0,0.0,20.0,20.0
1784921980,20.0,0.0,30.0,20.0
1784921981,20.0,0.0,30.0,20.0
1784921982,20.0,0.0,30.0,20.0
1784921983,20.0,0.0,30.0,20.0
1784921984,20.0,0.0,18.0,20.0
1784921985,20.0,0.0,30.0,20.0
1784921986,20.0,0.0,28.0,20.0
1784921987,20.0,0.0,30.0,20.0
1784921988,20.0,0.0,30.0,20.0
1784921989,20.0,0.0,30.0,20.0
1784921990,20.0,0.0,30.0,20.0
1784921991,20.0,0.0,30.0,20.0
1784921992,20.0,0.0,30.0,20.0
1784921993,20.0,0.0,30.0,20.0
1784921994,20.0,0.0,30.0,20.0
1784921995,20.0,0.0,30.0,20.0
1784921996,20.0,0.0,30.0,20.0
1784921997,20.0,0.0,30.0,20.0
1784921998,20.0,0.0,30.0,20.0
1784921999,17.0,3.0,24.0,20.0
1784922000,20.0,0.0,30.0,20.0
1784922001,20.0,0.0,30.0,20.0
1784922002,20.0,0.0,30.0,20.0
1784922003,20.0,0.0,29.0,20.0
1784922004,20.0,0.0,30.0,20.0
1784922005,20.0,0.0,25.0,20.0
1784922006,20.0,0.0,29.0,20.0
1784922008,20.0,0.0,30.0,20.0
1784922009,20.0,0.0,30.0,20.0
1784922010,20.0,0.0,30.0,20.0
1784922011,20.0,0.0,30.0,20.0
1784922012,20.0,0.0,30.0,20.0
1784922013,20.0,0.0,30.0,20.0
1784922014,20.0,0.0,24.0,20.0
1784922015,20.0,0.0,30.0,20.0
1784922016,20.0,0.0,29.0,20.0
1784922017,20.0,0.0,30.0,20.0
1784922018,20.0,0.0,28.0,20.0
1784922019,20.0,0.0,30.0,20.0
1784922020,20.0,0.0,30.0,20.0
1784922021,20.0,0.0,30.0,20.0
1784922022,20.0,0.0,30.0,20.0
1784922023,20.0,0.0,30.0,20.0
1784922024,20.0,0.0,30.0,20.0
1784922025,20.0,0.0,30.0,20.0
1784922026,20.0,0.0,30.0,20.0
1784922027,20.0,0.0,29.0,20.0
1784922028,20.0,0.0,17.0,20.0
1784922029,20.0,0.0,29.0,20.0
1784922030,20.0,0.0,30.0,20.0
1784922031,20.0,0.0,30.0,20.0
1784922032,20.0,0.0,30.0,20.0
1784922033,20.0,0.0,30.0,20.0
1784922034,20.0,0.0,30.0,20.0
1784922035,20.0,0.0,30.0,20.0
1784922036,20.0,0.0,30.0,20.0
1784922037,20.0,0.0,30.0,20.0
1784922038,20.0,0.0,30.0,20.0
1784922039,20.0,0.0,30.0,20.0
1784922040,20.0,0.0,19.0,20.0
1784922041,20.0,0.0,30.0,20.0
1784922042,20.0,0.0,29.0,20.0
1784922043,20.0,0.0,30.0,20.0
1784922044,20.0,0.0,30.0,20.0
1784922046,20.0,0.0,29.0,20.0
1784922047,20.0,0.0,30.0,20.0
1784922048,20.0,0.0,29.0,20.0
1784922049,20.0,0.0,30.0,20.0
1784922050,20.0,0.0,30.0,20.0
1784922051,20.0,0.0,30.0,20.0
1784922052,20.0,0.0,30.0,20.0
1784922053,20.0,0.0,30.0,20.0
1784922054,20.0,0.0,30.0,20.0
1784922055,20.0,0.0,30.0,20.0
1784922056,20.0,0.0,30.0,20.0
1784922057,20.0,0.0,30.0,20.0
1784922058,20.0,0.0,29.0,20.0
1784922059,20.0,0.0,29.0,20.0
1784922060,20.0,0.0,29.0,20.0
1784922061,20.0,0.0,30.0,20.0
1784922062,20.0,0.0,30.0,20.0
1784922063,20.0,0.0,20.0,20.0
1784922064,20.0,0.0,30.0,20.0
1784922065,20.0,0.0,30.0,20.0
1784922066,20.0,0.0,28.0,20.0
1784922067,20.0,0.0,30.0,20.0
1784922068,20.0,0.0,30.0,20.0
1784922069,19.0,1.0,30.0,20.0
1784922070,20.0,0.0,28.0,20.0
1784922071,20.0,0.0,30.0,20.0
1784922072,20.0,0.0,29.0,20.0
1784922073,20.0,0.0,30.0,20.0
1784922074,20.0,0.0,30.0,20.0
1784922075,20.0,0.0,30.0,20.0
1784922076,20.0,0.0,30.0,20.0
1784922077,20.0,0.0,30.0,20.0
1784922078,20.0,0.0,30.0,20.0
1784922079,20.0,0.0,30.0,20.0
1784922080,20.0,0.0,30.0,20.0
1784922081,20.0,0.0,30.0,20.0
1784922082,20.0,0.0,30.0,20.0
1784922084,20.0,0.0,30.0,20.0
1784922085,20.0,0.0,30.0,20.0
1784922086,20.0,0.0,12.0,20.0
1784922087,20.0,0.0,30.0,20.0
1784922088,20.0,0.0,29.0,20.0
1784922089,20.0,0.0,30.0,20.0
1784922090,20.0,0.0,30.0,20.0
1784922091,20.0,0.0,29.0,20.0
1784922092,20.0,0.0,30.0,20.0
1784922093,18.0,2.0,23.0,20.0
1784922094,20.0,0.0,30.0,20.0
1784922095,20.0,0.0,30.0,20.0
1784922096,20.0,0.0,30.0,20.0
1784922097,20.0,0.0,30.0,20.0
1784922098,20.0,0.0,30.0,20.0
1784922099,20.0,0.0,30.0,20.0
1784922100,20.0,0.0,27.0,20.0
1784922101,20.0,0.0,30.0,20.0
1784922102,20.0,0.0,29.0,20.0
1784922103,20.0,0.0,30.0,20.0
1784922104,20.0,0.0,30.0,20.0
1784922105,20.0,0.0,30.0,20.0
1784922106,20.0,0.0,30.0,20.0
1784922107,20.0,0.0,30.0,20.0
1784922108,20.0,0.0,30.0,20.0
1784922109,20.0,0.0,30.0,20.0
1784922110,20.0,0.0,30.0,20.0
1784922111,20.0,0.0,30.0,20.0
1784922112,20.0,0.0,29.0,20.0
1784922113,20.0,0.0,30.0,20.0
1784922114,20.0,0.0,30.0,20.0
1784922115,20.0,0.0,30.0,20.0
1784922116,20.0,0.0,30.0,20.0
1784922117,20.0,0.0,30.0,20.0
1784922118,20.0,0.0,30.0,20.0
1784922119,20.0,0.0,28.0,20.0
1784922121,20.0,0.0,30.0,20.0
1784922122,20.0,0.0,22.0,20.0
1784922123,20.0,0.0,30.0,20.0
1784922124,20.0,0.0,30.0,20.0
1784922125,20.0,0.0,30.0,20.0
1784922126,20.0,0.0,30.0,20.0
1784922127,15.0,5.0,29.0,20.0
1784922128,20.0,0.0,30.0,20.0
1784922129,20.0,0.0,30.0,20.0
1784922130,20.0,0.0,30.0,20.0
1784922131,20.0,0.0,30.0,20.0
1784922132,20.0,0.0,26.0,20.0
1784922133,20.0,0.0,20.0,20.0
1784922134,20.0,0.0,15.0,20.0
1784922135,20.0,0.0,10.0,20.0
1784922136,20.0,0.0,3.0,20.0
1784922137,20.0,0.0,0.0,20.0
1784922138,15.0,5.0,0.0,20.0
1784922139,8.0,12.0,0.0,20.0
1784922140,1.0,19.0,0.0,20.0
1784922141,0.0,20.0,0.0,20.0
1784922142,1.0,19.0,0.0,20.0
1784922143,3.0,17.0,0.0,20.0
1784922144,4.0,16.0,0.0,20.0
1784922145,6.0,14.0,0.0,20.0
1784922146,8.0,12.0,0.0,20.0
1784922147,8.0,12.0,0.0,20.0
1784922148,11.0,9.0,0.0,20.0
1784922149,12.0,8.0,0.0,20.0
1784922150,13.0,7.0,0.0,20.0
1784922151,16.0,4.0,0.0,20.0
1784922152,18.0,2.0,0.0,20.0
1784922153,20.0,0.0,0.0,20.0
1784922154,20.0,0.0,1.0,20.0
1784922155,20.0,0.0,3.0,20.0
1784922156,15.0,5.0,0.0,20.0
1784922157,20.0,0.0,7.0,20.0
1784922158,20.0,0.0,8.0,20.0
1784922159,20.0,0.0,10.0,20.0
1784922160,20.0,0.0,8.0,20.0
1784922162,20.0,0.0,13.0,20.0
1784922163,20.0,0.0,15.0,20.0
1784922164,20.0,0.0,17.0,20.0
1784922165,20.0,0.0,19.0,20.0
1784922166,16.0,4.0,11.0,20.0
1784922167,20.0,0.0,22.0,20.0
1784922168,20.0,0.0,23.0,20.0
1784922169,20.0,0.0,25.0,20.0
1784922170,20.0,0.0,26.0,20.0
1784922171,20.0,0.0,28.0,20.0
1784922172,20.0,0.0,24.0,20.0
1784922173,20.0,0.0,29.0,20.0
1784922174,20.0,0.0,30.0,20.0
1784922175,20.0,0.0,29.0,20.0
1784922176,19.0,1.0,30.0,20.0
1784922177,20.0,0.0,30.0,20.0
1784922178,20.0,0.0,30.0,20.0
1784922179,20.0,0.0,30.0,20.0
1784922180,20.0,0.0,30.0,20.0
1784922181,20.0,0.0,24.0,20.0
1784922182,20.0,0.0,29.0,20.0
1784922183,20.0,0.0,30.0,20.0
1784922184,20.0,0.0,30.0,20.0
1784922185,20.0,0.0,30.0,20.0
1784922186,20.0,0.0,30.0,20.0
1784922187,20.0,0.0,30.0,20.0
1784922188,20.0,0.0,30.0,20.0
1784922189,16.0,4.0,25.0,20.0
1784922190,20.0,0.0,21.0,20.0
1784922191,17.0,3.0,14.0,20.0
1784922192,20.0,0.0,27.0,20.0
1784922193,20.0,0.0,25.0,20.0
1784922194,20.0,0.0,29.0,20.0
1784922195,20.0,0.0,30.0,20.0
1784922196,20.0,0.0,30.0,20.0
1784922197,20.0,0.0,29.0,20.0
1784922199,19.0,1.0,14.0,20.0
1784922200,19.0,1.0,30.0,20.0
1784922201,20.0,0.0,30.0,20.0
1784922202,19.0,1.0,29.0,20.0
1784922203,19.0,0.0,30.0,20.0
1784922204,20.0,0.0,29.0,20.0
1784922205,20.0,0.0,30.0,20.0
1784922206,20.0,0.0,30.0,20.0
1784922207,20.0,0.0,30.0,20.0
1784922208,20.0,0.0,30.0,20.0
1784922209,20.0,0.0,30.0,20.0
1784922210,20.0,0.0,30.0,20.0
1784922211,20.0,0.0,29.0,20.0
1784922212,20.0,0.0,30.0,20.0
1784922213,20.0,0.0,30.0,20.0
1784922214,20.0,0.0,30.0,20.0
1784922215,20.0,0.0,30.0,20.0
1784922216,20.0,0.0,30.0,20.0
1784922217,18.0,2.0,25.0,20.0
1784922218,20.0,0.0,30.0,20.0
1784922219,20.0,0.0,28.0,20.0
1784922220,20.0,0.0,30.0,20.0
1784922221,20.0,0.0,30.0,20.0
1784922222,20.0,0.0,30.0,20.0
1784922223,20.0,0.0,29.0,20.0
1784922224,20.0,0.0,30.0,20.0
1784922225,20.0,0.0,30.0,20.0
1784922226,20.0,0.0,30.0,20.0
1784922227,20.0,0.0,30.0,20.0
1784922228,20.0,0.0,30.0,20.0
1784922229,20.0,0.0,26.0,20.0
1784922230,20.0,0.0,29.0,20.0
1784922231,20.0,0.0,30.0,20.0
1784922232,20.0,0.0,30.0,20.0
1784922233,20.0,0.0,30.0,20.0
1784922234,20.0,0.0,30.0,20.0
1784922235,20.0,0.0,30.0,20.0
1784922237,20.0,0.0,30.0,20.0
1784922238,20.0,0.0,30.0,20.0
1784922239,20.0,0.0,30.0,20.0
1784922240,18.0,2.0,13.0,20.0
1784922241,20.0,0.0,29.0,20.0
1784922242,20.0,0.0,30.0,20.0
1784922243,20.0,0.0,30.0,20.0
1784922244,20.0,0.0,29.0,20.0
1784922245,20.0,0.0,30.0,20.0
1784922246,20.0,0.0,30.0,20.0
1784922247,20.0,0.0,29.0,20.0
1784922248,20.0,0.0,30.0,20.0
1784922249,20.0,0.0,30.0,20.0
1784922250,19.0,1.0,16.0,20.0
1784922251,20.0,0.0,30.0,20.0
1784922252,20.0,0.0,30.0,20.0
1784922253,18.0,2.0,17.0,20.0
1784922254,19.0,1.0,29.0,20.0
1784922255,20.0,0.0,30.0,20.0
1784922256,20.0,0.0,30.0,20.0
1784922257,20.0,0.0,30.0,20.0
1784922258,20.0,0.0,30.0,20.0
1784922259,20.0,0.0,30.0,20.0
1784922260,20.0,0.0,30.0,20.0
1784922261,18.0,2.0,30.0,20.0
1784922262,20.0,0.0,30.0,20.0
1784922263,20.0,0.0,30.0,20.0
1784922264,20.0,0.0,30.0,20.0
1784922265,20.0,0.0,29.0,20.0
1784922266,20.0,0.0,30.0,20.0
1784922267,20.0,0.0,30.0,20.0
1784922268,20.0,0.0,30.0,20.0
1784922269,20.0,0.0,29.0,20.0
1784922270,20.0,0.0,30.0,20.0
1784922271,19.0,1.0,13.0,20.0
1784922272,20.0,0.0,27.0,20.0
1784922274,20.0,0.0,30.0,20.0
1784922275,20.0,0.0,29.0,20.0
1784922276,20.0,0.0,29.0,20.0
1784922277,20.0,0.0,30.0,20.0
1784922278,17.0,3.0,28.0,20.0
1784922279,20.0,0.0,30.0,20.0
1784922280,20.0,0.0,30.0,20.0
1784922281,20.0,0.0,30.0,20.0
1784922282,20.0,0.0,30.0,20.0
1784922283,20.0,0.0,30.0,20.0
1784922284,20.0,0.0,20.0,20.0
1784922285,20.0,0.0,30.0,20.0
1784922286,20.0,0.0,30.0,20.0
1784922287,20.0,0.0,30.0,20.0
1784922288,20.0,0.0,30.0,20.0
1784922289,20.0,0.0,30.0,20.0
1784922290,19.0,1.0,27.0,20.0
1784922291,20.0,0.0,30.0,20.0
1784922292,20.0,0.0,30.0,20.0
1784922293,20.0,0.0,30.0,20.0
1784922294,19.0,1.0,27.0,20.0
1784922295,20.0,0.0,30.0,20.0
1784922296,20.0,0.0,30.0,20.0
1784922297,20.0,0.0,30.0,20.0
1784922298,20.0,0.0,31.0,20.0
1784922299,20.0,0.0,30.0,20.0
1784922300,20.0,0.0,30.0,20.0
1784922301,20.0,0.0,30.0,20.0
1784922302,20.0,0.0,30.0,20.0
1784922303,20.0,0.0,25.0,20.0
1784922304,20.0,0.0,30.0,20.0
1784922305,20.0,0.0,30.0,20.0
1784922306,20.0,0.0,30.0,20.0
1784922307,20.0,0.0,27.0,20.0
1784922309,20.0,0.0,30.0,20.0
1784922310,20.0,0.0,30.0,20.0
1784922311,20.0,0.0,30.0,20.0
1784922312,20.0,0.0,30.0,20.0
1784922313,17.0,3.0,27.0,20.0
1784922314,20.0,0.0,30.0,20.0
1784922315,20.0,0.0,30.0,20.0
1784922316,20.0,0.0,30.0,20.0
1784922317,20.0,0.0,30.0,20.0
1784922318,20.0,0.0,30.0,20.0
1784922319,20.0,0.0,30.0,20.0
1784922320,20.0,0.0,30.0,20.0
1784922321,20.0,0.0,26.0,20.0
1784922322,20.0,0.0,30.0,20.0
1784922323,20.0,0.0,30.0,20.0
1784922324,20.0,0.0,30.0,20.0
1784922325,20.0,0.0,31.0,20.0
1784922326,19.0,1.0,26.0,20.0
1784922327,20.0,0.0,30.0,20.0
1784922328,20.0,0.0,30.0,20.0
1784922329,20.0,0.0,30.0,20.0
1784922330,20.0,0.0,30.0,20.0
1784922331,20.0,0.0,30.0,20.0
1784922332,20.0,0.0,30.0,20.0
1784922333,20.0,0.0,30.0,20.0
1784922334,20.0,0.0,30.0,20.0
1784922335,20.0,0.0,30.0,20.0
1784922336,20.0,0.0,30.0,20.0
1784922337,20.0,0.0,12.0,20.0
1784922338,20.0,0.0,30.0,20.0
1784922339,20.0,0.0,29.0,20.0
1784922340,20.0,0.0,29.0,20.0
1784922341,20.0,0.0,14.0,20.0
1784922342,19.0,1.0,29.0,20.0
1784922343,20.0,0.0,30.0,20.0
1784922345,20.0,0.0,19.0,20.0
1784922346,20.0,0.0,30.0,20.0
1784922347,20.0,0.0,30.0,20.0
1784922348,17.0,3.0,23.0,20.0
1784922349,20.0,0.0,23.0,20.0
1784922350,20.0,0.0,30.0,20.0
1784922351,20.0,0.0,30.0,20.0
1784922352,20.0,0.0,28.0,20.0
1784922353,20.0,0.0,23.0,20.0
1784922354,20.0,0.0,18.0,20.0
1784922355,20.0,0.0,12.0,20.0
1784922356,20.0,0.0,7.0,20.0
1784922357,20.0,0.0,2.0,20.0
1784922358,17.0,3.0,0.0,20.0
1784922359,12.0,8.0,0.0,20.0
1784922360,1.0,19.0,0.0,20.0
1784922361,1.0,19.0,0.0,20.0
1784922362,20.0,0.0,0.0,20.0
1784922363,20.0,0.0,0.0,20.0
1784922364,20.0,0.0,0.0,20.0
1784922365,3.0,17.0,0.0,20.0
1784922366,19.0,1.0,0.0,20.0
1784922367,20.0,0.0,0.0,20.0
1784922368,14.0,6.0,0.0,20.0
1784922369,20.0,0.0,0.0,20.0
1784922370,20.0,0.0,0.0,20.0
1784922371,20.0,0.0,0.0,20.0
1784922372,20.0,0.0,0.0,20.0
1784922373,19.0,1.0,0.0,20.0
1784922374,20.0,0.0,0.0,20.0
1784922375,20.0,0.0,0.0,20.0
1784922376,20.0,0.0,0.0,20.0
1784922377,20.0,0.0,0.0,20.0
1784922378,5.0,15.0,0.0,20.0
1784922379,20.0,0.0,0.0,20.0
1784922381,20.0,0.0,0.0,20.0
1784922382,14.0,6.0,0.0,20.0
1784922383,17.0,3.0,0.0,20.0
1784922384,20.0,0.0,0.0,20.0
1784922385,19.0,1.0,0.0,20.0
1784922386,20.0,0.0,0.0,20.0
1784922387,19.0,1.0,0.0,20.0
1784922388,20.0,0.0,0.0,20.0
1784922389,20.0,0.0,0.0,20.0
1784922390,20.0,0.0,0.0,20.0
1784922391,18.0,2.0,0.0,20.0
1784922392,20.0,0.0,2.0,20.0
1784922393,20.0,0.0,21.0,20.0
1784922394,20.0,0.0,39.0,20.0
1784922395,20.0,0.0,58.0,20.0
1784922396,20.0,0.0,77.0,20.0
1784922397,20.0,0.0,95.0,20.0
1784922398,20.0,0.0,114.0,20.0
1784922399,20.0,0.0,131.0,20.0
1784922400,20.0,0.0,149.0,20.0
1784922401,20.0,0.0,167.0,20.0
1784922402,20.0,0.0,180.0,20.0
1784922403,20.0,0.0,180.0,20.0
1784922404,20.0,0.0,180.0,20.0
1784922405,20.0,0.0,180.0,20.0
1784922406,20.0,0.0,180.0,20.0
1784922407,20.0,0.0,180.0,20.0
1784922408,20.0,0.0,180.0,20.0
1784922409,20.0,0.0,180.0,20.0
1784922410,20.0,0.0,180.0,20.0
1784922411,20.0,0.0,180.0,20.0
1784922412,20.0,0.0,180.0,20.0
1784922413,20.0,0.0,180.0,20.0
1784922414,20.0,0.0,180.0,20.0
1784922416,20.0,0.0,180.0,20.0
1784922417,20.0,0.0,180.0,20.0
1784922418,20.0,0.0,180.0,20.0
1784922419,17.0,3.0,174.0,20.0
1784922420,20.0,0.0,180.0,20.0
1784922421,20.0,0.0,180.0,20.0
1784922422,20.0,0.0,180.0,20.0
1784922423,20.0,0.0,180.0,20.0
1784922424,20.0,0.0,180.0,20.0
1784922425,20.0,0.0,180.0,20.0
1784922426,20.0,0.0,180.0,20.0
1784922427,20.0,0.0,180.0,20.0
1784922428,20.0,0.0,180.0,20.0
1784922429,20.0,0.0,180.0,20.0
1784922430,20.0,0.0,180.0,20.0
1784922431,20.0,0.0,179.0,20.0
1784922432,20.0,0.0,177.0,20.0
1784922433,20.0,0.0,160.0,20.0
1784922434,20.0,0.0,141.0,20.0
1784922435,20.0,0.0,121.0,20.0
1784922436,20.0,0.0,102.0,20.0
1784922437,20.0,0.0,83.0,20.0
1784922438,20.0,0.0,64.0,20.0
1784922439,20.0,0.0,46.0,20.0
1784922440,20.0,0.0,12.0,20.0
1784922441,20.0,0.0,8.0,20.0
1784922442,19.0,1.0,0.0,20.0
1784922443,10.0,10.0,0.0,20.0
1784922444,20.0,0.0,0.0,20.0
1784922445,20.0,0.0,0.0,20.0
1784922446,20.0,0.0,0.0,20.0
1784922447,20.0,0.0,0.0,20.0
1784922448,20.0,0.0,0.0,20.0
1784922449,20.0,0.0,0.0,20.0
1784922450,15.0,5.0,0.0,20.0
1784922452,12.0,8.0,0.0,20.0
1784922453,1.0,19.0,0.0,20.0
1784922454,18.0,2.0,0.0,20.0
1784922455,20.0,0.0,0.0,20.0
1784922456,20.0,0.0,0.0,20.0
1784922457,20.0,0.0,0.0,20.0
1784922458,20.0,0.0,0.0,20.0
1784922459,20.0,0.0,0.0,20.0
1784922460,5.0,15.0,0.0,20.0
1784922461,20.0,0.0,0.0,20.0
1784922462,20.0,0.0,0.0,20.0
1784922463,20.0,0.0,0.0,20.0
1784922464,20.0,0.0,0.0,20.0
1784922465,20.0,0.0,0.0,20.0
1784922466,20.0,0.0,0.0,20.0
1784922467,20.0,0.0,0.0,20.0
1784922468,20.0,0.0,0.0,20.0
1784922469,20.0,0.0,0.0,20.0
1784922470,20.0,0.0,0.0,20.0
1784922471,2.0,18.0,0.0,20.0
1784922472,20.0,0.0,0.0,20.0
1784922473,20.0,0.0,0.0,20.0
1784922474,3.0,17.0,0.0,20.0
1784922475,20.0,0.0,0.0,20.0
1784922476,20.0,0.0,0.0,20.0
1784922477,20.0,0.0,0.0,20.0
1784922478,20.0,0.0,0.0,20.0
1784922479,20.0,0.0,0.0,20.0
1784922480,20.0,0.0,0.0,20.0
1784922481,20.0,0.0,0.0,20.0
1784922482,20.0,0.0,0.0,20.0
1784922483,20.0,0.0,0.0,20.0
1784922484,20.0,0.0,0.0,20.0
1784922485,13.0,7.0,0.0,20.0
1784922486,13.0,7.0,0.0,20.0
1784922488,20.0,0.0,0.0,20.0
1784922489,20.0,0.0,0.0,20.0
1784922490,20.0,0.0,0.0,20.0
1784922491,20.0,0.0,0.0,20.0
1784922492,20.0,0.0,0.0,20.0
1784922493,20.0,0.0,0.0,20.0
1784922494,20.0,0.0,0.0,20.0
1784922495,20.0,0.0,0.0,20.0
1784922496,7.0,13.0,1.0,20.0
1784922497,19.0,1.0,1.0,20.0
1784922498,15.0,5.0,0.0,20.0
1784922499,20.0,0.0,0.0,20.0
1784922500,19.0,1.0,0.0,20.0
1784922501,20.0,0.0,0.0,20.0
1784922502,12.0,8.0,0.0,20.0
1784922503,20.0,0.0,17.0,20.0
1784922504,20.0,0.0,34.0,20.0
1784922505,20.0,0.0,54.0,20.0
1784922506,20.0,0.0,65.0,20.0
1784922507,20.0,0.0,92.0,20.0
1784922508,20.0,0.0,110.0,20.0
1784922509,20.0,0.0,129.0,20.0
1784922510,20.0,0.0,147.0,20.0
1784922511,20.0,0.0,166.0,20.0
1784922512,20.0,0.0,180.0,20.0
1784922513,20.0,0.0,180.0,20.0
1784922514,20.0,0.0,180.0,20.0
1784922515,20.0,0.0,180.0,20.0
1784922516,20.0,0.0,180.0,20.0
1784922517,20.0,0.0,180.0,20.0
1784922518,20.0,0.0,180.0,20.0
1784922519,20.0,0.0,179.0,20.0
1784922520,20.0,0.0,180.0,20.0
1784922521,20.0,0.0,180.0,20.0
1784922522,20.0,0.0,180.0,20.0
1784922524,20.0,0.0,180.0,20.0
1784922525,20.0,0.0,180.0,20.0
1784922526,19.0,1.0,180.0,20.0
1784922527,20.0,0.0,180.0,20.0
1784922528,20.0,0.0,180.0,20.0
1784922529,20.0,0.0,167.0,20.0
1784922530,20.0,0.0,178.0,20.0
1784922531,20.0,0.0,180.0,20.0
1784922532,20.0,0.0,180.0,20.0
1784922533,20.0,0.0,164.0,20.0
1784922534,20.0,0.0,180.0,20.0
1784922535,20.0,0.0,179.0,20.0
1784922536,20.0,0.0,180.0,20.0
1784922537,20.0,0.0,180.0,20.0
1784922538,20.0,0.0,180.0,20.0
1784922539,20.0,0.0,180.0,20.0
1784922540,20.0,0.0,172.0,20.0
1784922541,20.0,0.0,180.0,20.0
1784922542,20.0,0.0,178.0,20.0
1784922543,20.0,0.0,162.0,20.0
1784922544,20.0,0.0,145.0,20.0
1784922545,20.0,0.0,124.0,20.0
1784922546,20.0,0.0,91.0,20.0
1784922547,19.0,1.0,85.0,20.0
1784922548,20.0,0.0,68.0,20.0
1784922549,20.0,0.0,51.0,20.0
1784922550,20.0,0.0,31.0,20.0
1784922551,20.0,0.0,13.0,20.0
1784922552,20.0,0.0,0.0,20.0
1784922553,20.0,0.0,0.0,20.0
1784922554,11.0,9.0,0.0,20.0
1784922555,20.0,0.0,0.0,20.0
1784922556,19.0,1.0,0.0,20.0
1784922557,7.0,13.0,0.0,20.0
1784922558,20.0,0.0,0.0,20.0
1784922559,20.0,0.0,0.0,20.0
1784922561,20.0,0.0,0.0,20.0
1784922562,20.0,0.0,0.0,20.0
1784922563,20.0,0.0,0.0,20.0
1784922564,20.0,0.0,0.0,20.0
1784922565,17.0,3.0,0.0,20.0
1784922566,13.0,7.0,0.0,20.0
1784922567,20.0,0.0,0.0,20.0
1784922568,20.0,0.0,0.0,20.0
1784922569,20.0,0.0,0.0,20.0
1784922570,20.0,0.0,0.0,20.0
1784922571,20.0,0.0,0.0,20.0
1784922572,7.0,13.0,0.0,20.0
1784922573,20.0,0.0,0.0,20.0
1784922574,20.0,0.0,0.0,20.0
1784922575,6.0,14.0,0.0,20.0
1784922576,18.0,2.0,0.0,20.0
1784922577,20.0,0.0,0.0,20.0
1784922578,20.0,0.0,0.0,20.0
1784922579,20.0,0.0,0.0,20.0
1784922580,20.0,0.0,0.0,20.0
1784922581,19.0,1.0,0.0,20.0
1784922582,0.0,20.0,0.0,20.0
1784922583,19.0,1.0,0.0,20.0
1784922584,10.0,10.0,0.0,20.0
1784922585,20.0,0.0,0.0,20.0
1784922586,20.0,0.0,0.0,20.0
1784922587,20.0,0.0,0.0,20.0
1784922588,20.0,0.0,0.0,20.0
1784922589,20.0,0.0,0.0,20.0
1784922590,20.0,0.0,0.0,20.0
1784922591,20.0,0.0,0.0,20.0
1784922592,1.0,19.0,0.0,20.0
1784922593,20.0,0.0,0.0,20.0
1784922594,20.0,0.0,0.0,20.0
1784922595,20.0,0.0,0.0,20.0
1784922596,20.0,0.0,0.0,20.0
1784922597,20.0,0.0,0.0,20.0
1784922599,20.0,0.0,0.0,20.0
1784922600,19.0,1.0,0.0,20.0
1784922601,20.0,0.0,0.0,20.0
1784922602,20.0,0.0,0.0,20.0
1784922603,6.0,14.0,0.0,20.0
1784922604,20.0,0.0,0.0,20.0
1784922605,20.0,0.0,0.0,20.0
1784922606,17.0,3.0,0.0,20.0
1784922607,20.0,0.0,0.0,20.0
1784922608,20.0,0.0,0.0,20.0
1784922609,2.0,18.0,0.0,20.0
1784922610,20.0,0.0,0.0,20.0
1784922611,20.0,0.0,0.0,20.0
1784922612,20.0,0.0,0.0,20.0
1784922613,20.0,0.0,12.0,20.0
1784922614,20.0,0.0,31.0,20.0
1784922615,20.0,0.0,49.0,20.0
1784922616,20.0,0.0,68.0,20.0
1784922617,20.0,0.0,86.0,20.0
1784922618,20.0,0.0,106.0,20.0
1784922619,20.0,0.0,123.0,20.0
1784922620,20.0,0.0,142.0,20.0
1784922621,20.0,0.0,160.0,20.0
1784922622,20.0,0.0,179.0,20.0
1784922623,20.0,0.0,180.0,20.0
1784922624,20.0,0.0,180.0,20.0
1784922625,20.0,0.0,180.0,20.0
1784922626,20.0,0.0,180.0,20.0
1784922627,20.0,0.0,170.0,20.0
1784922628,19.0,1.0,180.0,20.0
1784922629,20.0,0.0,180.0,20.0
1784922630,20.0,0.0,180.0,20.0
1784922631,20.0,0.0,180.0,20.0
1784922632,20.0,0.0,180.0,20.0
1784922634,20.0,0.0,176.0,20.0
1784922635,20.0,0.0,179.0,20.0
1784922636,20.0,0.0,180.0,20.0
1784922637,20.0,0.0,180.0,20.0
1784922638,20.0,0.0,180.0,20.0
1784922639,20.0,0.0,180.0,20.0
1784922640,20.0,0.0,180.0,20.0
1784922641,20.0,0.0,180.0,20.0
1784922642,20.0,0.0,180.0,20.0
1784922643,20.0,0.0,180.0,20.0
1784922644,17.0,3.0,176.0,20.0
1784922645,20.0,0.0,180.0,20.0
1784922646,20.0,0.0,180.0,20.0
1784922647,20.0,0.0,180.0,20.0
1784922648,20.0,0.0,180.0,20.0
1784922649,20.0,0.0,181.0,20.0
1784922650,20.0,0.0,178.0,20.0
1784922651,20.0,0.0,180.0,20.0
1784922652,20.0,0.0,180.0,20.0
1784922653,20.0,0.0,166.0,20.0
1784922654,20.0,0.0,147.0,20.0
1784922655,20.0,0.0,132.0,20.0
1784922656,20.0,0.0,112.0,20.0
1784922657,20.0,0.0,92.0,20.0
1784922658,20.0,0.0,74.0,20.0
1784922659,20.0,0.0,54.0,20.0
1784922660,20.0,0.0,36.0,20.0
1784922661,17.0,3.0,14.0,20.0
1784922662,20.0,0.0,0.0,20.0
1784922663,19.0,1.0,0.0,20.0
1784922664,20.0,0.0,0.0,20.0
1784922665,20.0,0.0,0.0,20.0
1784922666,15.0,5.0,0.0,20.0
1784922667,20.0,0.0,0.0,20.0
1784922669,20.0,0.0,0.0,20.0
1784922670,20.0,0.0,0.0,20.0
1784922671,20.0,0.0,0.0,20.0
1784922672,20.0,0.0,0.0,20.0
1784922673,20.0,0.0,0.0,20.0
1784922674,20.0,0.0,0.0,20.0
1784922675,20.0,0.0,0.0,20.0
1784922676,20.0,0.0,0.0,20.0
1784922677,19.0,1.0,0.0,20.0
1784922678,2.0,18.0,0.0,20.0
1784922679,20.0,0.0,0.0,20.0
1784922680,20.0,0.0,0.0,20.0
1784922681,20.0,0.0,0.0,20.0
1784922682,20.0,0.0,0.0,20.0
1784922683,19.0,1.0,0.0,20.0
1784922684,20.0,0.0,0.0,20.0
1784922685,20.0,0.0,0.0,20.0
1784922686,2.0,18.0,0.0,20.0
1784922687,20.0,0.0,0.0,20.0
1784922688,20.0,0.0,0.0,20.0
1784922689,20.0,0.0,0.0,20.0
1784922690,20.0,0.0,0.0,20.0
1784922691,20.0,0.0,0.0,20.0
1784922692,20.0,0.0,0.0,20.0
1784922693,1.0,19.0,0.0,20.0
1784922694,1.0,19.0,0.0,20.0
1784922695,3.0,17.0,0.0,20.0
1784922696,2.0,18.0,0.0,20.0
1784922697,4.0,16.0,0.0,20.0
1784922698,9.0,11.0,0.0,20.0
1784922699,11.0,9.0,0.0,20.0
1784922700,13.0,7.0,0.0,20.0
1784922701,14.0,6.0,0.0,20.0
1784922702,16.0,4.0,0.0,20.0
1784922703,18.0,2.0,0.0,20.0
1784922704,15.0,5.0,0.0,20.0
1784922706,18.0,2.0,0.0,20.0
1784922707,20.0,0.0,3.0,20.0
1784922708,20.0,0.0,5.0,20.0
1784922709,20.0,0.0,4.0,20.0
1784922710,20.0,0.0,5.0,20.0
1784922711,20.0,0.0,7.0,20.0
1784922712,20.0,0.0,11.0,20.0
1784922713,20.0,0.0,13.0,20.0
1784922714,20.0,0.0,15.0,20.0
1784922715,18.0,2.0,15.0,20.0
1784922716,20.0,0.0,18.0,20.0
1784922717,20.0,0.0,20.0,20.0
1784922718,20.0,0.0,22.0,20.0
1784922719,19.0,1.0,23.0,20.0
1784922720,20.0,0.0,25.0,20.0
1784922721,20.0,0.0,27.0,20.0
1784922722,18.0,2.0,27.0,20.0
1784922723,20.0,0.0,30.0,20.0
1784922724,20.0,0.0,30.0,20.0
1784922725,20.0,0.0,30.0,20.0
1784922726,20.0,0.0,29.0,20.0
1784922727,20.0,0.0,26.0,20.0
1784922728,20.0,0.0,30.0,20.0
1784922729,20.0,0.0,30.0,20.0
1784922730,20.0,0.0,30.0,20.0
1784922731,20.0,0.0,30.0,20.0
1784922732,20.0,0.0,30.0,20.0
1784922733,20.0,0.0,27.0,20.0
1784922734,20.0,0.0,24.0,20.0
1784922735,20.0,0.0,25.0,20.0
1784922736,20.0,0.0,30.0,20.0
1784922737,20.0,0.0,28.0,20.0
1784922738,20.0,0.0,30.0,20.0
1784922739,20.0,0.0,30.0,20.0
1784922740,20.0,0.0,25.0,20.0
1784922742,20.0,0.0,29.0,20.0
1784922743,20.0,0.0,27.0,20.0
1784922744,20.0,0.0,25.0,20.0
1784922745,19.0,1.0,26.0,20.0
1784922746,20.0,0.0,29.0,20.0
1784922747,20.0,0.0,26.0,20.0
1784922748,20.0,0.0,30.0,20.0
1784922749,20.0,0.0,26.0,20.0
1784922750,20.0,0.0,30.0,20.0
1784922751,20.0,0.0,28.0,20.0
1784922752,20.0,0.0,30.0,20.0
1784922753,20.0,0.0,30.0,20.0
1784922754,20.0,0.0,30.0,20.0
1784922755,20.0,0.0,30.0,20.0
1784922756,20.0,0.0,30.0,20.0
1784922757,20.0,0.0,30.0,20.0
1784922758,20.0,0.0,30.0,20.0
1784922759,20.0,0.0,30.0,20.0
1784922760,20.0,0.0,30.0,20.0
1784922761,19.0,1.0,30.0,20.0
1784922762,20.0,0.0,30.0,20.0
1784922763,20.0,0.0,30.0,20.0
1784922764,20.0,0.0,30.0,20.0
1784922765,20.0,0.0,30.0,20.0
1784922766,20.0,0.0,30.0,20.0
1784922767,20.0,0.0,30.0,20.0
1784922768,20.0,0.0,30.0,20.0
1784922769,20.0,0.0,26.0,20.0
1784922770,20.0,0.0,30.0,20.0
1784922771,20.0,0.0,30.0,20.0
1784922772,20.0,0.0,26.0,20.0
1784922773,20.0,0.0,30.0,20.0
1784922774,20.0,0.0,30.0,20.0
1784922775,20.0,0.0,29.0,20.0
1784922776,20.0,0.0,29.0,20.0
1784922778,20.0,0.0,30.0,20.0
1784922779,19.0,1.0,28.0,20.0
1784922780,20.0,0.0,28.0,20.0
1784922781,20.0,0.0,30.0,20.0
1784922782,20.0,0.0,25.0,20.0
1784922783,20.0,0.0,28.0,20.0
1784922784,20.0,0.0,28.0,20.0
1784922785,20.0,0.0,30.0,20.0
1784922786,20.0,0.0,29.0,20.0
1784922787,20.0,0.0,27.0,20.0
1784922788,20.0,0.0,30.0,20.0
1784922789,20.0,0.0,30.0,20.0
1784922790,20.0,0.0,30.0,20.0
1784922791,20.0,0.0,28.0,20.0
1784922792,20.0,0.0,30.0,20.0
1784922793,20.0,0.0,30.0,20.0
1784922794,20.0,0.0,30.0,20.0
1784922795,20.0,0.0,30.0,20.0
1784922796,20.0,0.0,30.0,20.0
1784922797,20.0,0.0,27.0,20.0
1784922798,19.0,1.0,28.0,20.0
1784922799,20.0,0.0,30.0,20.0
1784922800,20.0,0.0,30.0,20.0
1784922801,20.0,0.0,30.0,20.0
1784922802,20.0,0.0,30.0,20.0
1784922803,20.0,0.0,30.0,20.0
1784922804,20.0,0.0,30.0,20.0
1784922805,20.0,0.0,30.0,20.0
1784922806,20.0,0.0,30.0,20.0
1784922807,20.0,0.0,30.0,20.0
1784922808,20.0,0.0,28.0,20.0
1784922809,20.0,0.0,26.0,20.0
1784922810,20.0,0.0,30.0,20.0
1784922811,20.0,0.0,30.0,20.0
1784922812,20.0,0.0,29.0,20.0
1784922814,20.0,0.0,26.0,20.0
1784922815,20.0,0.0,30.0,20.0
1784922816,20.0,0.0,28.0,20.0
1784922817,20.0,0.0,26.0,20.0
1784922818,20.0,0.0,30.0,20.0
1784922819,20.0,0.0,27.0,20.0
1784922820,20.0,0.0,30.0,20.0
1784922821,20.0,0.0,30.0,20.0
1784922822,20.0,0.0,30.0,20.0
1784922823,20.0,0.0,30.0,20.0
1784922824,20.0,0.0,30.0,20.0
1784922825,20.0,0.0,30.0,20.0
1784922826,20.0,0.0,30.0,20.0
1784922827,20.0,0.0,30.0,20.0
1784922828,20.0,0.0,30.0,20.0
1784922829,20.0,0.0,30.0,20.0
1784922830,20.0,0.0,27.0,20.0
1784922831,20.0,0.0,26.0,20.0
1784922832,20.0,0.0,30.0,20.0
1784922833,20.0,0.0,30.0,20.0
1784922834,20.0,0.0,30.0,20.0
1784922835,20.0,0.0,30.0,20.0
1784922836,20.0,0.0,30.0,20.0
1784922837,20.0,0.0,30.0,20.0
1784922838,20.0,0.0,30.0,20.0
1784922839,20.0,0.0,30.0,20.0
1784922840,20.0,0.0,30.0,20.0
1784922841,20.0,0.0,30.0,20.0
1784922842,20.0,0.0,30.0,20.0
1784922843,20.0,0.0,30.0,20.0
1784922844,20.0,0.0,30.0,20.0
1784922845,20.0,0.0,30.0,20.0
1784922846,19.0,1.0,29.0,20.0
1784922847,20.0,0.0,30.0,20.0
1784922848,20.0,0.0,30.0,20.0
1784922849,20.0,0.0,27.0,20.0
1784922850,20.0,0.0,26.0,20.0
1784922852,20.0,0.0,29.0,20.0
1784922853,20.0,0.0,28.0,20.0
1784922854,19.0,1.0,28.0,20.0
1784922855,20.0,0.0,30.0,20.0
1784922856,20.0,0.0,30.0,20.0
1784922857,20.0,0.0,27.0,20.0
1784922858,20.0,0.0,30.0,20.0
1784922859,20.0,0.0,30.0,20.0
1784922860,20.0,0.0,30.0,20.0
1784922861,20.0,0.0,30.0,20.0
1784922862,20.0,0.0,30.0,20.0
1784922863,20.0,0.0,30.0,20.0
1784922864,20.0,0.0,30.0,20.0
1784922865,20.0,0.0,30.0,20.0
1784922866,20.0,0.0,30.0,20.0
1784922867,20.0,0.0,30.0,20.0
1784922868,20.0,0.0,30.0,20.0
1784922869,20.0,0.0,31.0,20.0
1784922870,20.0,0.0,30.0,20.0
1784922871,20.0,0.0,30.0,20.0
1784922872,20.0,0.0,28.0,20.0
1784922873,20.0,0.0,26.0,20.0
1784922874,20.0,0.0,30.0,20.0
1784922875,20.0,0.0,30.0,20.0
1784922876,20.0,0.0,27.0,20.0
1784922877,20.0,0.0,27.0,20.0
1784922878,20.0,0.0,30.0,20.0
1784922879,20.0,0.0,30.0,20.0
1784922880,20.0,0.0,30.0,20.0
1784922881,20.0,0.0,30.0,20.0
1784922882,20.0,0.0,30.0,20.0
1784922883,20.0,0.0,30.0,20.0
1784922884,20.0,0.0,30.0,20.0
1784922885,20.0,0.0,30.0,20.0
1784922886,20.0,0.0,30.0,20.0
1784922887,20.0,0.0,30.0,20.0
1784922888,20.0,0.0,30.0,20.0
1784922890,20.0,0.0,30.0,20.0
1784922891,20.0,0.0,30.0,20.0
1784922892,17.0,3.0,29.0,20.0
1784922893,20.0,0.0,26.0,20.0
1784922894,20.0,0.0,27.0,20.0
1784922895,20.0,0.0,25.0,20.0
1784922896,19.0,1.0,28.0,20.0
1784922897,20.0,0.0,30.0,20.0
1784922898,20.0,0.0,30.0,20.0
1784922899,20.0,0.0,26.0,20.0
1784922900,20.0,0.0,30.0,20.0
1784922901,20.0,0.0,30.0,20.0
1784922902,20.0,0.0,30.0,20.0
1784922903,20.0,0.0,29.0,20.0
1784922904,20.0,0.0,24.0,20.0
1784922905,20.0,0.0,19.0,20.0
1784922906,20.0,0.0,13.0,20.0
1784922907,20.0,0.0,6.0,20.0
1784922908,16.0,4.0,1.0,20.0
1784922909,17.0,3.0,0.0,20.0
1784922910,9.0,11.0,0.0,20.0
1784922911,7.0,13.0,0.0,20.0
1784922912,1.0,19.0,0.0,20.0
1784922913,0.0,20.0,0.0,20.0
1784922914,1.0,19.0,0.0,20.0
1784922915,2.0,18.0,0.0,20.0
1784922916,5.0,15.0,0.0,20.0
1784922917,7.0,13.0,0.0,20.0
1784922918,9.0,11.0,0.0,20.0
1784922919,10.0,10.0,0.0,20.0
1784922920,12.0,8.0,0.0,20.0
1784922921,14.0,6.0,0.0,20.0
1784922922,15.0,5.0,0.0,20.0
1784922923,17.0,3.0,0.0,20.0
1784922924,19.0,1.0,0.0,20.0
1784922925,20.0,0.0,1.0,20.0
1784922926,20.0,0.0,2.0,20.0
1784922927,20.0,0.0,4.0,20.0
1784922929,20.0,0.0,5.0,20.0
1784922930,20.0,0.0,3.0,20.0
1784922931,20.0,0.0,9.0,20.0
1784922932,18.0,2.0,11.0,20.0
1784922933,20.0,0.0,13.0,20.0
1784922934,18.0,2.0,13.0,20.0
1784922935,20.0,0.0,16.0,20.0
1784922936,19.0,1.0,15.0,20.0
1784922937,20.0,0.0,19.0,20.0
1784922938,20.0,0.0,18.0,20.0
1784922939,20.0,0.0,23.0,20.0
1784922940,20.0,0.0,25.0,20.0
1784922941,20.0,0.0,26.0,20.0
1784922942,20.0,0.0,28.0,20.0
1784922943,20.0,0.0,30.0,20.0
1784922944,20.0,0.0,30.0,20.0
1784922945,20.0,0.0,30.0,20.0
1784922946,20.0,0.0,30.0,20.0
1784922947,20.0,0.0,30.0,20.0
1784922948,20.0,0.0,30.0,20.0
1784922949,20.0,0.0,27.0,20.0
1784922950,20.0,0.0,30.0,20.0
1784922951,20.0,0.0,30.0,20.0
1784922952,20.0,0.0,30.0,20.0
1784922953,20.0,0.0,30.0,20.0
1784922954,19.0,1.0,29.0,20.0
1784922955,20.0,0.0,30.0,20.0
1784922956,20.0,0.0,29.0,20.0
1784922957,20.0,0.0,30.0,20.0
1784922958,20.0,0.0,30.0,20.0
1784922959,20.0,0.0,28.0,20.0
1784922960,20.0,0.0,30.0,20.0
1784922961,20.0,0.0,27.0,20.0
1784922962,20.0,0.0,25.0,20.0
1784922963,20.0,0.0,30.0,20.0
1784922964,20.0,0.0,30.0,20.0
1784922966,20.0,0.0,30.0,20.0
1784922967,20.0,0.0,30.0,20.0
1784922968,20.0,0.0,30.0,20.0
1784922969,20.0,0.0,30.0,20.0
1784922970,20.0,0.0,30.0,20.0
1784922971,20.0,0.0,30.0,20.0
1784922972,20.0,0.0,30.0,20.0
1784922973,20.0,0.0,30.0,20.0
1784922974,20.0,0.0,30.0,20.0
1784922975,20.0,0.0,29.0,20.0
1784922976,20.0,0.0,30.0,20.0
1784922977,19.0,1.0,27.0,20.0
1784922978,20.0,0.0,30.0,20.0
1784922979,20.0,0.0,30.0,20.0
1784922980,20.0,0.0,30.0,20.0
1784922981,20.0,0.0,30.0,20.0
1784922982,20.0,0.0,30.0,20.0
1784922983,20.0,0.0,30.0,20.0
1784922984,20.0,0.0,30.0,20.0
1784922985,20.0,0.0,30.0,20.0
1784922986,20.0,0.0,30.0,20.0
1784922987,19.0,1.0,27.0,20.0
1784922988,20.0,0.0,30.0,20.0
1784922989,20.0,0.0,30.0,20.0
1784922990,20.0,0.0,30.0,20.0
1784922991,20.0,0.0,30.0,20.0
1784922992,20.0,0.0,26.0,20.0
1784922993,19.0,1.0,26.0,20.0
1784922994,20.0,0.0,30.0,20.0
1784922995,20.0,0.0,26.0,20.0
1784922996,20.0,0.0,30.0,20.0
1784922997,20.0,0.0,27.0,20.0
1784922998,19.0,1.0,29.0,20.0
1784922999,20.0,0.0,25.0,20.0
1784923000,20.0,0.0,26.0,20.0
1784923002,20.0,0.0,28.0,20.0
1784923003,20.0,0.0,30.0,20.0
1784923004,20.0,0.0,30.0,20.0
1784923005,20.0,0.0,30.0,20.0
1784923006,20.0,0.0,30.0,20.0
1784923007,20.0,0.0,30.0,20.0
1784923008,20.0,0.0,30.0,20.0
1784923009,20.0,0.0,30.0,20.0
1784923010,20.0,0.0,30.0,20.0
1784923011,20.0,0.0,30.0,20.0
1784923012,20.0,0.0,28.0,20.0
1784923013,20.0,0.0,30.0,20.0
1784923014,20.0,0.0,27.0,20.0
1784923015,20.0,0.0,30.0,20.0
1784923016,20.0,0.0,30.0,20.0
1784923017,20.0,0.0,30.0,20.0
1784923018,20.0,0.0,30.0,20.0
1784923019,20.0,0.0,30.0,20.0
1784923020,20.0,0.0,30.0,20.0
1784923021,18.0,2.0,27.0,20.0
1784923022,20.0,0.0,29.0,20.0
1784923023,19.0,1.0,26.0,20.0
1784923024,20.0,0.0,30.0,20.0
1784923025,20.0,0.0,30.0,20.0
1784923026,20.0,0.0,30.0,20.0
1784923027,20.0,0.0,28.0,20.0
1784923028,20.0,0.0,28.0,20.0
1784923029,20.0,0.0,30.0,20.0
1784923030,20.0,0.0,26.0,20.0
1784923031,20.0,0.0,30.0,20.0
1784923032,20.0,0.0,28.0,20.0
1784923033,20.0,0.0,28.0,20.0
1784923034,20.0,0.0,26.0,20.0
1784923035,20.0,0.0,28.0,20.0
1784923036,20.0,0.0,30.0,20.0
1784923037,16.0,4.0,29.0,20.0
1784923039,20.0,0.0,30.0,20.0
1784923040,20.0,0.0,26.0,20.0
1784923041,20.0,0.0,30.0,20.0
1784923042,20.0,0.0,30.0,20.0
1784923043,20.0,0.0,25.0,20.0
1784923044,20.0,0.0,30.0,20.0
1784923045,20.0,0.0,30.0,20.0
1784923046,20.0,0.0,30.0,20.0
1784923047,20.0,0.0,30.0,20.0
1784923048,20.0,0.0,30.0,20.0
1784923049,19.0,1.0,29.0,20.0
1784923050,20.0,0.0,30.0,20.0
1784923051,20.0,0.0,30.0,20.0
1784923052,20.0,0.0,25.0,20.0
1784923053,20.0,0.0,30.0,20.0
1784923054,20.0,0.0,25.0,20.0
1784923055,20.0,0.0,30.0,20.0
1784923056,20.0,0.0,29.0,20.0
1784923057,20.0,0.0,27.0,20.0
1784923058,20.0,0.0,30.0,20.0
1784923059,20.0,0.0,30.0,20.0
1784923060,20.0,0.0,30.0,20.0
1784923061,20.0,0.0,26.0,20.0
1784923062,20.0,0.0,26.0,20.0
1784923063,20.0,0.0,30.0,20.0
1784923064,20.0,0.0,27.0,20.0
1784923065,20.0,0.0,26.0,20.0
1784923066,20.0,0.0,30.0,20.0
1784923067,20.0,0.0,30.0,20.0
1784923068,20.0,0.0,30.0,20.0
1784923069,20.0,0.0,30.0,20.0
1784923070,20.0,0.0,30.0,20.0
1784923071,20.0,0.0,30.0,20.0
1784923072,20.0,0.0,31.0,20.0
1784923073,20.0,0.0,30.0,20.0
1784923074,20.0,0.0,30.0,20.0
1784923075,20.0,0.0,30.0,20.0
1784923076,20.0,0.0,30.0,20.0
1784923078,20.0,0.0,29.0,20.0
1784923079,20.0,0.0,30.0,20.0
1784923080,20.0,0.0,30.0,20.0
1784923081,20.0,0.0,30.0,20.0
1784923082,20.0,0.0,30.0,20.0
1784923083,20.0,0.0,30.0,20.0
1784923084,20.0,0.0,30.0,20.0
1784923085,20.0,0.0,30.0,20.0
1784923086,20.0,0.0,27.0,20.0
1784923087,20.0,0.0,30.0,20.0
1784923088,20.0,0.0,27.0,20.0
1784923089,20.0,0.0,30.0,20.0
1784923090,20.0,0.0,29.0,20.0
1784923091,20.0,0.0,27.0,20.0
1784923092,20.0,0.0,28.0,20.0
1784923093,20.0,0.0,30.0,20.0
1784923094,20.0,0.0,30.0,20.0
1784923095,20.0,0.0,26.0,20.0
1784923096,20.0,0.0,30.0,20.0
1784923097,20.0,0.0,26.0,20.0
1784923098,20.0,0.0,30.0,20.0
1784923099,20.0,0.0,24.0,20.0
1784923100,20.0,0.0,30.0,20.0
1784923101,20.0,0.0,30.0,20.0
1784923102,20.0,0.0,30.0,20.0
1784923103,20.0,0.0,30.0,20.0
1784923104,20.0,0.0,30.0,20.0
1784923105,20.0,0.0,30.0,20.0
1784923106,20.0,0.0,30.0,20.0
1784923107,20.0,0.0,30.0,20.0
1784923108,20.0,0.0,30.0,20.0
1784923109,20.0,0.0,26.0,20.0
1784923110,20.0,0.0,30.0,20.0
1784923112,20.0,0.0,27.0,20.0
1784923113,20.0,0.0,30.0,20.0
1784923114,20.0,0.0,30.0,20.0
1784923115,20.0,0.0,28.0,20.0
1784923116,20.0,0.0,30.0,20.0
1784923117,20.0,0.0,30.0,20.0
1784923118,20.0,0.0,25.0,20.0
1784923119,20.0,0.0,30.0,20.0
1784923120,20.0,0.0,30.0,20.0
1784923121,20.0,0.0,30.0,20.0
1784923122,20.0,0.0,30.0,20.0
1784923123,20.0,0.0,25.0,20.0
1784923124,20.0,0.0,26.0,20.0
1784923125,20.0,0.0,20.0,20.0
1784923126,20.0,0.0,13.0,20.0
1784923127,20.0,0.0,5.0,20.0
1784923128,20.0,0.0,4.0,20.0
1784923129,19.0,1.0,0.0,20.0
1784923130,15.0,5.0,0.0,20.0
1784923131,9.0,11.0,0.0,20.0
1784923132,1.0,19.0,0.0,20.0
1784923133,0.0,20.0,0.0,20.0
1784923134,0.0,20.0,0.0,20.0
1784923135,2.0,18.0,0.0,20.0
1784923136,3.0,17.0,0.0,20.0
1784923137,6.0,14.0,0.0,20.0
1784923138,8.0,12.0,0.0,20.0
1784923139,8.0,12.0,0.0,20.0
1784923140,7.0,13.0,0.0,20.0
1784923141,13.0,7.0,0.0,20.0
1784923142,15.0,5.0,0.0,20.0
1784923143,17.0,3.0,0.0,20.0
1784923144,18.0,2.0,0.0,20.0
1784923145,20.0,0.0,0.0,20.0
1784923146,20.0,0.0,2.0,20.0
1784923147,20.0,0.0,3.0,20.0
1784923148,20.0,0.0,5.0,20.0
1784923149,20.0,0.0,7.0,20.0
1784923150,20.0,0.0,8.0,20.0
1784923152,20.0,0.0,8.0,20.0
1784923153,20.0,0.0,12.0,20.0
1784923154,20.0,0.0,11.0,20.0
1784923155,20.0,0.0,15.0,20.0
1784923156,20.0,0.0,17.0,20.0
1784923157,20.0,0.0,19.0,20.0
1784923158,20.0,0.0,16.0,20.0
1784923159,20.0,0.0,22.0,20.0
1784923160,20.0,0.0,20.0,20.0
1784923161,20.0,0.0,26.0,20.0
1784923162,20.0,0.0,27.0,20.0
1784923163,20.0,0.0,29.0,20.0
1784923164,20.0,0.0,30.0,20.0
1784923165,20.0,0.0,27.0,20.0
1784923166,20.0,0.0,30.0,20.0
1784923167,19.0,1.0,28.0,20.0
1784923168,20.0,0.0,26.0,20.0
1784923169,20.0,0.0,30.0,20.0
1784923170,18.0,2.0,28.0,20.0
1784923171,17.0,3.0,28.0,20.0
1784923172,20.0,0.0,29.0,20.0
1784923173,20.0,0.0,28.0,20.0
1784923174,20.0,0.0,30.0,20.0
1784923175,20.0,0.0,30.0,20.0
1784923176,20.0,0.0,30.0,20.0
1784923177,20.0,0.0,30.0,20.0
1784923178,20.0,0.0,29.0,20.0
1784923179,20.0,0.0,30.0,20.0
1784923180,20.0,0.0,30.0,20.0
1784923181,20.0,0.0,30.0,20.0
1784923182,20.0,0.0,30.0,20.0
1784923183,20.0,0.0,30.0,20.0
1784923184,20.0,0.0,30.0,20.0
1784923185,20.0,0.0,27.0,20.0
1784923186,20.0,0.0,29.0,20.0
1784923187,20.0,0.0,30.0,20.0
1784923189,20.0,0.0,28.0,20.0
1784923190,20.0,0.0,30.0,20.0
1784923191,20.0,0.0,30.0,20.0
1784923192,20.0,0.0,30.0,20.0
1784923193,20.0,0.0,30.0,20.0
1784923194,20.0,0.0,30.0,20.0
1784923195,20.0,0.0,30.0,20.0
1784923196,20.0,0.0,30.0,20.0
1784923197,20.0,0.0,30.0,20.0
1784923198,20.0,0.0,30.0,20.0
1784923199,20.0,0.0,27.0,20.0
1784923200,20.0,0.0,30.0,20.0
1784923201,20.0,0.0,30.0,20.0
1784923202,20.0,0.0,28.0,20.0
1784923203,20.0,0.0,26.0,20.0
1784923204,20.0,0.0,27.0,20.0
1784923205,20.0,0.0,25.0,20.0
1784923206,20.0,0.0,30.0,20.0
1784923207,20.0,0.0,30.0,20.0
1784923208,20.0,0.0,27.0,20.0
1784923209,20.0,0.0,30.0,20.0
1784923210,20.0,0.0,30.0,20.0
1784923211,20.0,0.0,30.0,20.0
1784923212,20.0,0.0,30.0,20.0
1784923213,20.0,0.0,30.0,20.0
1784923214,20.0,0.0,30.0,20.0
1784923215,20.0,0.0,30.0,20.0
1784923216,20.0,0.0,30.0,20.0
1784923217,20.0,0.0,30.0,20.0
1784923218,20.0,0.0,30.0,20.0
1784923219,20.0,0.0,30.0,20.0
1784923220,20.0,0.0,30.0,20.0
1784923221,20.0,0.0,28.0,20.0
1784923222,20.0,0.0,26.0,20.0
1784923223,20.0,0.0,27.0,20.0
1784923224,20.0,0.0,26.0,20.0
1784923225,20.0,0.0,27.0,20.0
1784923227,20.0,0.0,30.0,20.0
1784923228,20.0,0.0,30.0,20.0
1784923229,20.0,0.0,30.0,20.0
1784923230,20.0,0.0,30.0,20.0
1784923231,20.0,0.0,30.0,20.0
1784923232,20.0,0.0,30.0,20.0
1784923233,20.0,0.0,29.0,20.0
1784923234,20.0,0.0,31.0,20.0
1784923235,20.0,0.0,30.0,20.0
1784923236,20.0,0.0,30.0,20.0
1784923237,20.0,0.0,30.0,20.0
1784923238,20.0,0.0,30.0,20.0
1784923239,20.0,0.0,28.0,20.0
1784923240,19.0,1.0,30.0,20.0
1784923241,19.0,1.0,26.0,20.0
1784923242,20.0,0.0,27.0,20.0
1784923243,20.0,0.0,30.0,20.0
1784923244,20.0,0.0,27.0,20.0
1784923245,20.0,0.0,26.0,20.0
1784923246,20.0,0.0,28.0,20.0
1784923247,20.0,0.0,26.0,20.0
1784923248,20.0,0.0,30.0,20.0
1784923249,20.0,0.0,30.0,20.0
1784923250,20.0,0.0,30.0,20.0
1784923251,20.0,0.0,30.0,20.0
1784923252,20.0,0.0,30.0,20.0
1784923253,20.0,0.0,30.0,20.0
1784923254,20.0,0.0,30.0,20.0
1784923255,20.0,0.0,30.0,20.0
1784923256,20.0,0.0,30.0,20.0
1784923257,20.0,0.0,30.0,20.0
1784923258,20.0,0.0,28.0,20.0
1784923259,20.0,0.0,25.0,20.0
1784923260,20.0,0.0,26.0,20.0
1784923261,19.0,1.0,25.0,20.0
1784923262,20.0,0.0,30.0,20.0
1784923263,20.0,0.0,30.0,20.0
1784923265,20.0,0.0,30.0,20.0
1784923266,20.0,0.0,30.0,20.0
1784923267,20.0,0.0,28.0,20.0
1784923268,20.0,0.0,30.0,20.0
1784923269,20.0,0.0,30.0,20.0
1784923270,20.0,0.0,30.0,20.0
1784923271,19.0,0.0,29.0,20.0
1784923272,20.0,0.0,30.0,20.0
1784923273,20.0,0.0,30.0,20.0
1784923274,20.0,0.0,30.0,20.0
1784923275,20.0,0.0,30.0,20.0
1784923276,20.0,0.0,30.0,20.0
1784923277,20.0,0.0,30.0,20.0
1784923278,20.0,0.0,30.0,20.0
1784923279,20.0,0.0,30.0,20.0
1784923280,20.0,0.0,30.0,20.0
1784923281,20.0,0.0,29.0,20.0
1784923282,20.0,0.0,25.0,20.0
1784923283,20.0,0.0,30.0,20.0
1784923284,20.0,0.0,27.0,20.0
1784923285,20.0,0.0,27.0,20.0
1784923286,19.0,1.0,28.0,20.0
1784923287,20.0,0.0,30.0,20.0
1784923288,20.0,0.0,29.0,20.0
1784923289,20.0,0.0,30.0,20.0
1784923290,20.0,0.0,30.0,20.0
1784923291,20.0,0.0,30.0,20.0
1784923292,20.0,0.0,30.0,20.0
1784923293,20.0,0.0,30.0,20.0
1784923294,20.0,0.0,30.0,20.0
1784923295,20.0,0.0,30.0,20.0
1784923296,18.0,2.0,28.0,20.0
1784923297,20.0,0.0,29.0,20.0
1784923298,20.0,0.0,27.0,20.0
1784923299,20.0,0.0,27.0,20.0
1784923300,17.0,3.0,28.0,20.0
1784923301,20.0,0.0,26.0,20.0
1784923303,20.0,0.0,28.0,20.0
1784923304,20.0,0.0,27.0,20.0
1784923305,20.0,0.0,30.0,20.0
1784923306,20.0,0.0,30.0,20.0
1784923307,20.0,0.0,28.0,20.0
1784923308,20.0,0.0,30.0,20.0
1784923309,20.0,0.0,30.0,20.0
1784923310,20.0,0.0,25.0,20.0
1784923311,19.0,1.0,26.0,20.0
1784923312,20.0,0.0,30.0,20.0
1784923313,20.0,0.0,30.0,20.0
1784923314,20.0,0.0,30.0,20.0
1784923315,20.0,0.0,30.0,20.0
1784923316,20.0,0.0,30.0,20.0
1784923317,20.0,0.0,30.0,20.0
1784923318,20.0,0.0,30.0,20.0
1784923319,20.0,0.0,30.0,20.0
1784923320,20.0,0.0,30.0,20.0
1784923321,20.0,0.0,30.0,20.0
1784923322,20.0,0.0,30.0,20.0
1784923323,20.0,0.0,29.0,20.0
1784923324,20.0,0.0,30.0,20.0
1784923325,20.0,0.0,30.0,20.0
1784923326,20.0,0.0,27.0,20.0
1784923327,20.0,0.0,30.0,20.0
1784923328,20.0,0.0,30.0,20.0
1784923329,20.0,0.0,29.0,20.0
1784923330,20.0,0.0,30.0,20.0
1784923331,20.0,0.0,30.0,20.0
1784923332,20.0,0.0,29.0,20.0
1784923333,20.0,0.0,30.0,20.0
1784923334,20.0,0.0,30.0,20.0
1784923335,20.0,0.0,26.0,20.0
1784923336,20.0,0.0,30.0,20.0
1784923337,20.0,0.0,30.0,20.0
1784923339,20.0,0.0,30.0,20.0
1784923340,20.0,0.0,27.0,20.0
1784923341,20.0,0.0,28.0,20.0
1784923342,20.0,0.0,28.0,20.0
1784923343,20.0,0.0,30.0,20.0
1784923344,20.0,0.0,28.0,20.0
1784923345,20.0,0.0,23.0,20.0
1784923346,20.0,0.0,18.0,20.0
1784923347,20.0,0.0,13.0,20.0
1784923348,20.0,0.0,7.0,20.0
1784923349,20.0,0.0,3.0,20.0
1784923350,17.0,3.0,0.0,20.0
1784923351,12.0,8.0,0.0,20.0
1784923352,7.0,13.0,0.0,20.0
1784923353,2.0,18.0,0.0,20.0
1784923354,0.0,20.0,0.0,20.0
1784923355,0.0,20.0,0.0,20.0
1784923356,0.0,20.0,0.0,20.0
1784923357,0.0,20.0,0.0,20.0
1784923358,0.0,20.0,0.0,20.0
1784923359,0.0,20.0,0.0,20.0
1784923360,0.0,20.0,0.0,20.0
1784923361,0.0,20.0,0.0,20.0
1784923362,0.0,20.0,0.0,20.0
1784923363,0.0,20.0,0.0,20.0
1784923364,0.0,20.0,0.0,20.0
1784923365,0.0,20.0,0.0,20.0
1784923366,0.0,20.0,0.0,20.0
1784923367,0.0,20.0,0.0,20.0
1784923368,0.0,20.0,0.0,20.0
1784923369,0.0,20.0,0.0,20.0
1784923370,0.0,20.0,0.0,20.0
1784923403,0.0,10.0,0.0,10.0
1784923404,0.0,10.0,0.0,10.0
1784923405,0.0,10.0,0.0,10.0
1784923406,7.0,3.0,8.0,10.0
1784923407,9.0,1.0,7.0,10.0
1784923408,8.0,2.0,2.0,10.0
1784923409,10.0,0.0,4.0,10.0
1784923410,8.0,2.0,8.0,10.0
1784923411,9.0,1.0,8.0,10.0
